,Track_id,Name,Album,Artist,Release_Date,Length,Popularity,Acousticness,Danceability,Energy,Instrumentness,Liveness,Loudness,Valence,Speechness,Tempo,Time_Signature
0,0VjIjW4GlUZAMYd2vXMi3b,Blinding Lights,After Hours,The Weeknd,2020-03-20,200040,93,0.00146,0.514,0.73,9.54e-05,0.0897,-5.934,0.334,0.0598,171.005,4
1,7qiZfU4dY1lWllzX7mPBI3,Shape of You,÷ (Deluxe),Ed Sheeran,2017-03-03,233712,89,0.581,0.825,0.652,0.0,0.0931,-3.183,0.931,0.0802,95.977,4
2,7qEHsqek33rTcFNT9PFqLf,Someone You Loved,Divinely Uninspired To A Hellish Extent,Lewis Capaldi,2019-05-17,182160,92,0.751,0.501,0.405,0.0,0.105,-5.679,0.446,0.0319,109.891,4
3,0RiRZpuVRbi7oqRdSMwhQY,Sunflower - Spider-Man: Into the Spider-Verse,Hollywood's Bleeding,Post Malone,2019-09-06,157560,88,0.533,0.755,0.522,0.0,0.0685,-4.368,0.925,0.0575,89.96,4
4,7MXVkk9YMctZqd1Srtv4MB,Starboy,Starboy,The Weeknd,2016-11-25,230453,94,0.141,0.679,0.587,6.35e-06,0.137,-7.015,0.486,0.276,186.003,4
5,4LRPiXqCikLlN15c3yImP7,As It Was,As It Was,Harry Styles,2022-03-31,167303,32,0.342,0.52,0.731,0.00101,0.311,-5.338,0.662,0.0557,173.93,4
6,2XU0oxnq2qxCpomAAuJY8K,Dance Monkey,Dance Monkey (Stripped Back) / Dance Monkey,Tones And I,2019-10-17,209438,78,0.692,0.824,0.588,0.000104,0.149,-6.4,0.513,0.0924,98.027,4
7,1zi7xx7UVEFkmKfv06H8x0,One Dance,Views,Drake,2016-05-06,173986,91,0.00776,0.792,0.625,0.0018,0.329,-5.609,0.37,0.0536,103.967,4
8,5HCyWlXZPP0y6Gqq8TgA20,STAY (with Justin Bieber),STAY (with Justin Bieber),The Kid LAROI,2021-07-09,141805,85,0.0383,0.591,0.764,0.0,0.103,-5.484,0.478,0.0483,169.928,4
9,0e7ipj03S05BNilyu5bRzt,rockstar (feat. 21 Savage),beerbongs & bentleys,Post Malone,2018-04-27,218146,86,0.124,0.585,0.52,7.01e-05,0.131,-6.136,0.129,0.0712,159.801,4
10,0pqnGHJpmpxLKifKRmU6WP,Believer,Evolve,Imagine Dragons,2017-06-23,204346,90,0.0622,0.776,0.78,0.0,0.081,-4.374,0.666,0.128,124.949,4
11,02MWAaffLxlfxAUY7c5dvx,Heat Waves,Dreamland (+ Bonus Levels),Glass Animals,2020-08-06,238805,19,0.44,0.761,0.525,6.7e-06,0.0921,-6.9,0.531,0.0944,80.87,4
12,0tgVpDi06FyKpA1z0VMD4v,Perfect,÷ (Deluxe),Ed Sheeran,2017-03-03,263400,90,0.163,0.599,0.448,0.0,0.106,-6.312,0.168,0.0232,95.05,3
13,7BKLCZ1jbUBVqRi2FVlTVw,Closer,Closer,The Chainsmokers,2016-07-29,244960,87,0.414,0.748,0.524,0.0,0.111,-5.599,0.661,0.0338,95.01,4
14,2QjOHCTQ1Jl3zawyYOpxh6,Sweater Weather,I Love You.,The Neighbourhood,2013-04-19,240400,92,0.0495,0.612,0.807,0.0177,0.101,-2.81,0.398,0.0336,124.053,4
15,5uCax9HTNlzGybIStD3vDh,Say You Won't Let Go,Back from the Edge,James Arthur,2016-10-28,211466,89,0.695,0.358,0.557,0.0,0.0902,-7.398,0.494,0.059,85.043,4
16,0u2P5u6lvoDfwTYjAADbn4,lovely (with Khalid),lovely (with Khalid),Billie Eilish,2018-04-19,200185,91,0.934,0.351,0.296,0.0,0.095,-10.109,0.12,0.0333,115.284,4
17,6v3KW9xbzN5yKLt9YKDYA2,Señorita,Shawn Mendes (Deluxe),Shawn Mendes,2019-06-19,190799,82,0.0392,0.759,0.548,0.0,0.0828,-6.049,0.749,0.029,116.967,4
18,6UelLqGlWMcVH1E5c4H7lY,Watermelon Sugar,Fine Line,Harry Styles,2019-12-13,174000,89,0.122,0.548,0.816,0.0,0.335,-4.209,0.557,0.0465,95.39,4
19,3PfIrDoz19wz7qK7tYeu62,Don't Start Now,Future Nostalgia,Dua Lipa,2020-03-27,183290,85,0.0123,0.793,0.793,0.0,0.0951,-4.521,0.679,0.083,123.95,4
20,285pBltuF7vW8TeWk8hdRR,Lucid Dreams,Goodbye & Good Riddance,Juice WRLD,2018-12-10,239835,87,0.349,0.511,0.566,0.0,0.34,-7.23,0.218,0.2,83.903,4
21,2Fxmhks0bxGSBdJ92vM42m,bad guy,"WHEN WE ALL FALL ASLEEP, WHERE DO WE GO?",Billie Eilish,2019-03-29,194087,85,0.328,0.701,0.425,0.13,0.1,-10.965,0.562,0.375,135.128,4
22,6DCZcSspjsKoFjzjrWoCdn,God's Plan,Scorpion,Drake,2018-06-29,198973,87,0.0332,0.754,0.449,8.29e-05,0.552,-9.211,0.357,0.109,77.169,4
23,6RUKPb4LETWmmr3iAEQktW,Something Just Like This,Memories...Do Not Open,The Chainsmokers,2017-04-07,247160,89,0.0498,0.617,0.635,1.44e-05,0.164,-6.769,0.446,0.0317,103.019,4
24,1HNkqx9Ahdgi1Ixy2xkKkL,Photograph,x (Deluxe Edition),Ed Sheeran,2014-06-21,258986,87,0.607,0.614,0.379,0.000464,0.0986,-10.48,0.201,0.0476,107.989,4
25,34gCuhDGsG4bRPIf9bb02f,Thinking out Loud,x (Deluxe Edition),Ed Sheeran,2014-06-21,281560,85,0.474,0.781,0.445,0.0,0.184,-6.061,0.591,0.0295,78.998,4
26,4u7EnebtmKWzUH433cf5Qv,Bohemian Rhapsody - Remastered 2011,A Night At The Opera (2011 Remaster),Queen,1975-11-21,354320,83,0.271,0.414,0.404,0.0,0.3,-9.928,0.224,0.0499,71.105,4
27,3dYD57lRAUcMHufyqn9GcI,Take Me To Church,Hozier,Hozier,2014-07-20,241688,87,0.634,0.566,0.664,0.0,0.116,-5.303,0.437,0.0464,128.945,4
28,21jGcNKet2qwijlDFuPiPb,Circles,Hollywood's Bleeding,Post Malone,2019-09-06,215280,89,0.192,0.695,0.762,0.00244,0.0863,-3.497,0.553,0.0395,120.042,4
29,2VxeLyX666F8uXCJ0dZF8B,Shallow,A Star Is Born Soundtrack,Lady Gaga,2018-10-05,215733,87,0.371,0.572,0.385,0.0,0.231,-6.362,0.323,0.0308,95.799,4
30,7yq4Qj7cqayVTp3FF9CWbm,Riptide,Dream Your Life Away,Vance Joy,2014-09-08,204280,90,0.431,0.484,0.731,0.0,0.151,-6.694,0.51,0.0379,101.654,4
31,50kpGaPAhYJ3sGmk6vplg0,Love Yourself,Purpose (Deluxe),Justin Bieber,2015-11-13,233720,87,0.835,0.609,0.378,0.0,0.28,-9.828,0.515,0.438,100.418,4
32,2tpWsVSb9UEmDRxAl1zhX1,Counting Stars,Native,OneRepublic,2013-01-01,257265,90,0.0654,0.664,0.705,0.0,0.118,-4.972,0.477,0.0382,122.016,4
33,3U4isOIWM3VvDubwSI3y7a,All of Me,Love In The Future (Expanded Edition),John Legend,2013-08-30,269560,88,0.922,0.422,0.264,0.0,0.132,-7.064,0.331,0.0322,119.93,4
34,1zB4vmk8tFRmM9UULNzbLB,Thunder,Evolve,Imagine Dragons,2017-06-23,187146,89,0.00671,0.605,0.822,0.134,0.147,-4.833,0.288,0.0438,167.997,4
35,6gBFPUFcJLzWGx4lenP6h2,goosebumps,Birds In The Trap Sing McKnight,Travis Scott,2016-09-16,243836,89,0.0847,0.841,0.728,0.0,0.149,-3.37,0.43,0.0484,130.049,4
36,3bidbhpOYeV4knp8AIu8Xn,Can't Hold Us (feat. Ray Dalton),The Heist,Macklemore & Ryan Lewis,2012-10-09,258342,83,0.0291,0.641,0.922,0.0,0.0862,-4.457,0.847,0.0786,146.078,4
37,3JRniBnSeieJB2IJuOuys7,Another Love,Another Love,Tom Odell,2013-06-19,244360,2,0.717,0.442,0.538,2.95e-05,0.09,-8.55,0.139,0.0451,122.758,4
38,3CRDbSIZ4r5MsZ0YwxuEkn,Stressed Out,Blurryface,Twenty One Pilots,2015-05-15,202333,88,0.0462,0.734,0.637,2.29e-05,0.0602,-5.677,0.648,0.141,169.977,4
39,0nrRP2bk19rLc0orkWPQk2,Wake Me Up,True,Avicii,2013-01-01,247426,89,0.0038,0.532,0.783,0.0012,0.161,-5.697,0.643,0.0523,124.08,4
40,7fBv7CLKzipRk6EC6TWHOB,The Hills,Beauty Behind The Madness,The Weeknd,2015-08-28,242253,90,0.0671,0.585,0.564,0.0,0.135,-7.063,0.137,0.0515,113.003,4
41,6ocbgoVGwYJhOv1GgI9NsF,7 rings,"thank u, next",Ariana Grande,2019-02-08,178626,87,0.592,0.778,0.317,0.0,0.0881,-10.732,0.327,0.334,140.048,4
42,3ee8Jmje8o58CHK66QrVC2,SAD!,?,XXXTENTACION,2018-03-16,166605,83,0.258,0.74,0.613,0.00372,0.123,-4.88,0.473,0.145,75.023,4
43,7DFNE7NO0raLIUbgzY2rzm,Let Her Go,All The Little Lights,Passenger,2012-11-05,252866,40,0.385,0.509,0.538,0.0,0.104,-7.335,0.244,0.0572,75.089,4
44,7m9OqQk4RVRkw9JJdeAw96,Jocelyn Flores,17,XXXTENTACION,2017-08-25,119133,85,0.469,0.872,0.391,4.13e-06,0.297,-9.144,0.437,0.242,134.021,4
45,7KXjTSCq5nL1LoYtL7XAwS,HUMBLE.,DAMN.,Kendrick Lamar,2017-04-14,177000,87,0.000282,0.908,0.621,5.39e-05,0.0958,-6.638,0.421,0.102,150.011,4
46,5qaEfEh1AtSdrdrByCP7qR,Demons,Night Visions,Imagine Dragons,2012-09-04,177506,88,0.19,0.505,0.71,0.00025,0.269,-3.015,0.428,0.0321,89.938,4
47,7ef4DlsgrMEH11cDZd32M6,One Kiss (with Dua Lipa),One Kiss (with Dua Lipa),Calvin Harris,2018-04-06,214846,86,0.037,0.791,0.862,2.19e-05,0.0814,-3.24,0.592,0.11,123.994,4
48,7GX5flRQZVHRAGd6B4TmDO,XO Tour Llif3,Luv Is Rage 2,Lil Uzi Vert,2017-08-25,182706,84,0.00264,0.732,0.75,0.0,0.109,-6.366,0.401,0.231,155.096,4
49,4ZtFanR9U6ndgddUvNcjcG,good 4 u,SOUR,Olivia Rodrigo,2021-05-21,178146,87,0.335,0.563,0.664,0.0,0.0849,-5.044,0.688,0.154,166.928,4
50,7lPN2DXiMsVn7XUKtOW1CS,drivers license,drivers license,Olivia Rodrigo,2021-01-08,242013,28,0.721,0.585,0.436,1.31e-05,0.105,-8.761,0.132,0.0601,143.874,4
51,62vpWI1CHwFy7tMIcSStl8,No Role Modelz,2014 Forest Hills Drive,J. Cole,2014-12-09,292986,10,0.301,0.692,0.521,0.0,0.0565,-8.465,0.463,0.33,100.45,4
52,3AJwUDP919kvQ9QcozQPxg,Yellow,Parachutes,Coldplay,2000-07-10,266773,93,0.00239,0.429,0.661,0.000121,0.234,-7.227,0.285,0.0281,173.372,4
53,2xLMifQCjDGFmkHkpNLD9h,SICKO MODE,ASTROWORLD,Travis Scott,2018-08-03,312820,87,0.00513,0.834,0.73,0.0,0.124,-3.714,0.446,0.222,155.008,4
54,1v7L65Lzy0j0vdpRjJewt1,Lose Yourself,Just Lose It,Eminem,2004-01-01,322226,84,0.00921,0.686,0.735,0.00066,0.342,-4.616,0.0596,0.264,171.355,4
55,3QGsuHI8jO1Rx4JWLUh9jd,Treat You Better,Illuminate,Shawn Mendes,2017-04-20,187973,88,0.106,0.444,0.819,0.0,0.107,-4.078,0.747,0.341,82.695,4
56,2dpaYNEQHiRxtZbfNsse99,Happier,Happier,Marshmello,2018-08-17,214289,41,0.191,0.687,0.792,0.0,0.167,-2.749,0.671,0.0452,100.015,4
57,5FVd6KXrgO9B3JPmC8OPst,Do I Wanna Know?,AM,Arctic Monkeys,2013-09-09,272394,90,0.186,0.548,0.532,0.000263,0.217,-7.596,0.405,0.0323,85.03,4
58,2ekn2ttSfGqwhhate0LSR0,New Rules,Dua Lipa (Deluxe),Dua Lipa,2017-06-02,209320,84,0.00261,0.762,0.7,1.56e-05,0.153,-6.021,0.608,0.0694,116.073,4
59,0lYBSQXN6rCTvUZvg9S0lU,Let Me Love You,Encore,DJ Snake,2016-08-05,205946,88,0.0863,0.649,0.716,2.63e-05,0.135,-5.371,0.163,0.0349,99.988,4
60,1rfofaqEpACxVEHIZBJe6W,Havana (feat. Young Thug),Camila,Camila Cabello,2018-01-12,217306,82,0.184,0.765,0.523,3.56e-05,0.132,-4.333,0.394,0.03,104.988,4
61,0ITfYkVUoFdPKd3BOAoYsH,Die For You,Die For You,The Weeknd,2016-11-26,260255,34,0.112,0.602,0.505,0.0,0.155,-8.197,0.457,0.0577,67.129,4
62,003vvx7Niy0yvhvHt4a68B,Mr. Brightside,Hot Fuss,The Killers,2004,222973,90,0.00121,0.352,0.911,0.0,0.0995,-5.23,0.236,0.0747,148.033,4
63,5nujrmhLynf4yMoMtj8AQF,Levitating (feat. DaBaby),Future Nostalgia,Dua Lipa,2020-03-27,203064,85,0.00883,0.702,0.825,0.0,0.0674,-3.787,0.915,0.0601,102.977,4
64,09CtPGIpYB4BrO8qb1RGsF,Sorry,Purpose (Deluxe),Justin Bieber,2015-11-13,200786,87,0.0797,0.654,0.76,0.0,0.299,-3.669,0.41,0.045,99.945,4
65,3Iw3nzrDdEuW4ypiZCgCtE,Stay With Me,Stay With Me,Sam Smith,2014-01-01,172723,44,0.588,0.418,0.42,6.39e-05,0.11,-6.444,0.184,0.0414,84.094,4
66,6FZDfxM3a3UCqtzo5pxSLZ,Without Me,Manic,Halsey,2020-01-17,201660,84,0.297,0.752,0.488,9.11e-06,0.0936,-7.05,0.533,0.0705,136.041,4
67,27NovPIUIRrOZoCHxABJwK,INDUSTRY BABY (feat. Jack Harlow),INDUSTRY BABY (feat. Jack Harlow),Lil Nas X,2021-07-23,212000,80,0.0203,0.736,0.704,0.0,0.0501,-7.409,0.894,0.0615,149.995,4
68,1mXVgsBdtIVeCLJnSnmtdV,Too Good At Goodbyes,The Thrill Of It All (Special Edition),Sam Smith,2017-11-03,201000,87,0.64,0.681,0.372,0.0,0.169,-8.237,0.476,0.0432,91.873,4
69,33YmfTNoLnbkRnOjf7YIVm,Lean On (feat. MØ & DJ Snake),Peace Is the Mission,Major Lazer,2015-06-01,176561,49,0.00346,0.723,0.809,0.00123,0.565,-3.081,0.274,0.0625,98.007,4
70,7lQ8MOhq6IN2w8EYcFNSUk,Without Me,The Eminem Show,Eminem,2002-05-26,290320,91,0.00286,0.908,0.669,0.0,0.237,-2.827,0.662,0.0738,112.238,4
71,3a1lNhkSLSkpJE4MSHpDu9,Congratulations,Stoney (Deluxe),Post Malone,2016-12-09,220293,85,0.215,0.63,0.804,0.0,0.253,-4.183,0.492,0.0363,123.146,4
72,0KKkJNfGyhkQ5aFogxQAPU,That's What I Like,24K Magic,Bruno Mars,2016-11-17,206693,89,0.013,0.853,0.56,0.0,0.0944,-4.961,0.86,0.0406,134.066,4
73,2b8fOow8UzyDFAE27YhOZM,Memories,Memories,Maroon 5,2019-09-20,189486,30,0.837,0.764,0.32,0.0,0.0822,-7.209,0.575,0.0546,91.019,4
74,4MzXwWMhyBbmu6hOcLVD49,DÁKITI,EL ÚLTIMO TOUR DEL MUNDO,Bad Bunny,2020-11-27,205090,79,0.401,0.731,0.573,5.22e-05,0.113,-10.059,0.145,0.0544,109.928,4
75,7dt6x5M1jzdTEt8oCbisTK,Better Now,beerbongs & bentleys,Post Malone,2018-04-27,231266,84,0.331,0.68,0.578,0.0,0.135,-5.804,0.341,0.04,145.038,4
76,7JJmb5XwzOO8jgpou264Ml,There's Nothing Holdin' Me Back,Illuminate (Deluxe),Shawn Mendes,2017-04-20,199440,89,0.38,0.866,0.813,0.0,0.0779,-4.063,0.969,0.0554,121.998,4
77,32OlwWuMpZ6b0aN2RZOeMS,Uptown Funk (feat. Bruno Mars),Uptown Special,Mark Ronson,2015-01-12,269666,86,0.00801,0.856,0.609,8.15e-05,0.0344,-7.223,0.928,0.0824,114.988,4
78,0nJW01T7XtvILxQgC5J7Wh,When I Was Your Man,Unorthodox Jukebox,Bruno Mars,2012-12-07,213826,92,0.932,0.612,0.28,0.0,0.088,-8.648,0.387,0.0434,72.795,4
79,24Yi9hE78yPEbZ4kxyoXAI,Roses - Imanbek Remix,Roses (Imanbek Remix),SAINt JHN,2019-10-09,176840,81,0.0167,0.77,0.724,0.0107,0.353,-5.484,0.898,0.0495,121.975,4
80,3B54sVLJ402zGa6Xm4YGNe,Unforgettable,Jungle Rules,French Montana,2017-07-14,233901,88,0.0293,0.726,0.769,0.0101,0.104,-5.043,0.733,0.123,97.985,4
81,698ItKASDavgwZ3WjaWjtz,Faded,Different World,Alan Walker,2018-12-14,212106,82,0.0281,0.468,0.627,7.97e-06,0.11,-5.085,0.159,0.0476,179.642,4
82,0EjH2xRuoT9oz5QGenFxT1,Wonderwall - Remastered,"(What's The Story) Morning Glory (Remastered, Deluxe)",Oasis,2014-09-24,258773,28,0.000452,0.376,0.896,0.0,0.194,-4.065,0.472,0.0395,174.379,4
83,47Slg6LuqLaX0VodpSCvPt,Just the Way You Are,Doo-Wops & Hooligans,Bruno Mars,2010-10-05,220734,86,0.0134,0.635,0.841,0.0,0.0622,-5.379,0.424,0.0422,109.021,4
84,1f3yAtsJtY87CTmM8RLnxf,Smells Like Teen Spirit,Nevermind (Deluxe Edition),Nirvana,1991-09-26,301920,4,2.55e-05,0.502,0.912,0.000173,0.106,-4.556,0.72,0.0564,116.761,4
85,0vbtURX4qv1l7besfwmnD8,I Took A Pill In Ibiza - Seeb Remix,"At Night, Alone.",Mike Posner,2016-05-06,197933,84,0.0353,0.664,0.714,8.42e-06,0.0843,-6.645,0.71,0.111,101.969,4
86,1SLxVWqXo9zNrrDKRa3m1G,Viva La Vida,Viva La Vida or Death and All His Friends,Coldplay,2008-06-19,242373,70,0.0954,0.486,0.617,3.23e-06,0.109,-7.115,0.417,0.0287,138.015,4
87,4xkOaSrkexMciUUogZKVTS,Till I Collapse,The Eminem Show,Eminem,2002-05-26,297786,87,0.0622,0.548,0.847,0.0,0.0816,-3.237,0.1,0.186,171.447,4
88,67BtfxlNbhBmCDR2L2l8qd,MONTERO (Call Me By Your Name),MONTERO (Call Me By Your Name),Lil Nas X,2021-03-31,137875,75,0.297,0.61,0.508,0.0,0.384,-6.682,0.758,0.152,178.818,4
89,6zSpb8dQRaw0M1dK8PBwQz,Cold Heart - PNAU Remix,Cold Heart (PNAU Remix),Elton John,2021-08-13,202735,85,0.034,0.796,0.798,4.19e-05,0.0952,-6.312,0.942,0.0317,116.032,4
90,60a0Rd6pjrkxjPbaKzXjfq,In the End,Hybrid Theory (Bonus Edition),Linkin Park,2000,216880,91,0.00958,0.556,0.864,0.0,0.209,-5.87,0.4,0.0584,105.143,4
91,1i1fxkWeaMmKEB4T7zqbzK,Don't Let Me Down,Don't Let Me Down,The Chainsmokers,2016-02-05,208373,82,0.157,0.532,0.869,0.00508,0.136,-5.094,0.422,0.172,159.803,4
92,3e9HZxeyfWwjeyPAMmWSSQ,"thank u, next","thank u, next",Ariana Grande,2019-02-08,207320,84,0.229,0.717,0.653,0.0,0.101,-5.634,0.412,0.0658,106.966,4
93,1JSTJqkT5qHq8MDJnJbRE1,Every Breath You Take,Synchronicity (Remastered 2003),The Police,1983-06-17,253920,91,0.543,0.82,0.452,0.00294,0.0714,-9.796,0.74,0.0348,117.401,4
94,5T8EDUDqKcs6OSOwEsfqG7,Don't Stop Me Now - Remastered 2011,Jazz (2011 Remaster),Queen,1978-11-10,209413,86,0.0475,0.559,0.868,0.000176,0.776,-5.276,0.609,0.17,156.295,4
95,0bYg9bo50gSsH3LtXe2SQn,All I Want for Christmas Is You,Merry Christmas,Mariah Carey,1994-10-28,241106,83,0.164,0.336,0.627,0.0,0.0708,-7.463,0.35,0.0384,150.273,4
96,5QO79kh1waicV47BqGRL3g,Save Your Tears,After Hours,The Weeknd,2020-03-20,215626,90,0.0212,0.68,0.826,1.24e-05,0.543,-5.487,0.644,0.0309,118.051,4
97,3zkWCteF82vJwv0hRLba76,Stitches,Handwritten,Shawn Mendes,2015-04-14,206880,83,0.0152,0.746,0.754,0.0,0.0486,-6.684,0.746,0.0676,149.882,4
98,0t1kP63rueHleOhQkYSXFY,Dynamite,Dynamite (DayTime Version),BTS,2020-08-28,199053,6,0.0112,0.746,0.765,0.0,0.0936,-4.41,0.737,0.0993,114.044,4
99,0nbXyq5TXYPCO7pr3N8S4I,The Box,Please Excuse Me for Being Antisocial,Roddy Ricch,2019-12-06,196652,88,0.104,0.896,0.586,0.0,0.79,-6.687,0.642,0.0559,116.971,4
100,0WtM2NBVQNNJLh6scP13H8,Calm Down (with Selena Gomez),Calm Down (with Selena Gomez),Rema,2022-08-25,239317,89,0.382,0.801,0.806,0.000669,0.114,-5.206,0.802,0.0381,106.999,4
101,35EaSaiYjiMji47IBizlnZ,Zilevo,Zilevo,Edward Maya,2024-01-12,160000,55,0.0403,0.618,0.884,0.0367,0.146,-6.778,0.583,0.0839,125.938,4
102,6tNQ70jh4OwmPGpYy6R2o9,Beautiful Things,Beautiful Things,Benson Boone,2024-01-18,180304,100,0.151,0.472,0.471,0.0,0.14,-5.692,0.219,0.0603,105.029,3
103,6usohdchdzW9oML7VC4Uhk,Lose Control,Lose Control,Teddy Swims,2023-06-23,210688,91,0.199,0.561,0.604,1.9e-05,0.104,-4.409,0.242,0.0337,159.92,3
104,7iL6o9tox1zgHpKUfh9vuC,In Da Club,Get Rich Or Die Tryin',50 Cent,2003-02-06,193466,86,0.255,0.899,0.713,0.0,0.0708,-2.752,0.777,0.366,90.051,4
105,3Pbp7cUCx4d3OAkZSCoNvn,Scared To Start,Scared To Start,Michael Marcagi,2024-01-12,159636,90,0.384,0.527,0.551,2.75e-06,0.403,-11.258,0.443,0.0345,148.035,4
106,06wOQGz4bGB7HETrIjpIep,Without Me,The Eminem Show,Eminem,2002-05-26,290226,0,0.00299,0.915,0.656,0.0,0.324,-2.827,0.642,0.0716,112.243,4
107,5aIVCx5tnk0ntmdiinnYvw,Water,Water,Tyla,2023-07-28,200255,94,0.0856,0.673,0.722,0.0,0.137,-3.495,0.519,0.0755,117.187,4
108,2yuX062OwOE7Jao97jUziv,Closer to the Edge,Closer to the Edge,PANDIT,2023-04-11,158976,50,0.182,0.755,0.562,0.000232,0.166,-7.336,0.298,0.299,126.873,4
109,2kQuhkFX7uSVepCD3h29g5,Smack That,Konvicted,Akon,2006-01-01,212360,88,0.321,0.939,0.742,0.0,0.107,-5.171,0.924,0.0467,118.978,4
110,2YWjW3wwQIBLNhxWKBQd16,Lean On (feat. MØ & DJ Snake),Peace Is The Mission : Extended,Major Lazer,2015-11-27,176561,84,0.00346,0.723,0.809,0.00123,0.565,-3.081,0.274,0.0625,98.007,4
111,6PLQwjmRMV9yNcNbj6YHSy,On The Floor (Ven a Bailar),Discoteca a Domicilio,Various Artists,2021-08-25,292186,0,0.0759,0.717,0.814,0.00108,0.203,-4.638,0.688,0.0385,129.982,4
112,5wtSei6pJpDEB1iKqPHhfU,Houdini,Houdini,Dua Lipa,2023-11-10,185917,75,0.00574,0.739,0.79,0.00073,0.085,-4.87,0.865,0.0654,116.987,4
113,2B00ucQ8TEPp78rIE5hvqx,Wrinkle in Time,Wrinkle in Time,Smiley,2024-02-20,211862,53,0.494,0.611,0.592,2.02e-05,0.576,-8.009,0.473,0.0489,145.147,4
114,6Qb7YsAqH4wWFUMbGsCpap,Training Season,Training Season,Dua Lipa,2024-02-15,209487,91,0.0365,0.815,0.582,1.45e-06,0.138,-4.5,0.671,0.0532,123.03,4
115,4LihUZcWy0B6lGLqcJ8u9B,New Rules,Dua Lipa (Deluxe),Dua Lipa,2017-06-02,212000,63,0.00261,0.763,0.72,1.11e-05,0.114,-5.181,0.592,0.0691,116.01,4
116,2iuZJX9X9P0GKaE93xcPjk,Sugar,V,Maroon 5,2014-09-02,235493,84,0.0591,0.748,0.788,0.0,0.0863,-7.055,0.884,0.0334,120.076,4
117,6uIu54tY9Rjwrwk47RxqK9,Come With Me,Come With Me,MIRA,2023-06-15,168701,61,0.0524,0.769,0.724,1.71e-06,0.148,-7.529,0.534,0.0575,115.045,4
118,1QV6tiMFM6fSOKOGLMHYYg,Poker Face,The Fame,Lady Gaga,2008-01-01,237200,84,0.118,0.851,0.806,1.64e-06,0.121,-4.62,0.787,0.0787,118.999,4
119,0cqRj7pUJDkTCEsJkx8snD,Shake It Off,1989 (Deluxe),Taylor Swift,2014-01-01,219200,84,0.0647,0.647,0.8,0.0,0.334,-5.384,0.942,0.165,160.078,4
120,4KETt1cheIlCStKidaRQMh,Dumb,Dumb,Paul Damixie,2024-02-29,168902,0,0.00253,0.863,0.76,0.0177,0.184,-6.68,0.531,0.0909,122.988,4
121,01qFKNWq73UfEslI0GvumE,3D (feat. Jack Harlow),3D : The Remixes,Jung Kook,2023-10-02,201812,85,0.0322,0.853,0.824,0.0,0.0859,-3.287,0.888,0.103,108.044,4
122,69bp2EbF7Q2rqc5N3ylezZ,Sorry,Purpose (Deluxe),Justin Bieber,2015-11-13,200786,40,0.0797,0.654,0.76,0.0,0.299,-3.669,0.41,0.045,99.945,4
123,1rrqJ9QkOBYJlsZgqqwxgB,Rush,Rush,Ayra Starr,2022-09-16,185093,77,0.0369,0.792,0.503,0.00057,0.0959,-8.044,0.381,0.0626,99.97,4
124,5XLqdFEx9iNOS0oSuwtkF2,Hypnotised,Hypnotised,Paul Damixie,2024-01-04,139000,61,0.0557,0.758,0.684,0.0,0.175,-7.46,0.604,0.0619,119.926,4
125,60nZcImufyMA1MKQY3dcCH,"Happy - From ""Despicable Me 2""",G I R L,Pharrell Williams,2014-03-03,232720,83,0.219,0.647,0.822,0.0,0.0908,-4.662,0.962,0.183,160.019,4
126,1JsUAmsjNz6oGuRTFG93qH,Work from Home (feat. Ty Dolla $ign),7/27 (Deluxe),Fifth Harmony,2016-05-27,216575,60,0.102,0.803,0.631,7.39e-06,0.0858,-4.213,0.659,0.0444,104.999,4
127,7gaA3wERFkFkgivjwbSvkG,"yes, and?","yes, and?",Ariana Grande,2024-01-12,214994,96,0.198,0.788,0.758,8.5e-05,0.104,-6.513,0.823,0.0505,119.008,4
128,6Lkpa05w1tKTdRnSQLGRov,You Got Me Like,You Got Me Like,Paul Damixie,2023-11-30,152903,17,0.0478,0.757,0.815,0.000893,0.17,-7.019,0.513,0.0557,123.98,4
129,7KccdUP4IslFXUNNseqBc7,The Real Slim Shady,The Marshall Mathers LP,Eminem,2000-05-23,284533,0,0.0287,0.948,0.656,0.0,0.0472,-4.34,0.77,0.0606,104.495,4
130,71UL6pUMZUlU2u10gnhqPf,I'm Done,I'm Done,Paul Damixie,2023-10-06,174193,31,0.0183,0.679,0.622,6.81e-05,0.0371,-7.636,0.281,0.0487,124.088,4
131,3ZFTkvIE7kyPt6Nu3PEa7V,Hips Don't Lie (feat. Wyclef Jean),"Oral Fixation, Vol. 2 (Expanded Edition)",Shakira,2005-11-28,218093,87,0.284,0.778,0.824,0.0,0.405,-5.892,0.758,0.0707,100.024,4
132,5knuzwU65gJK7IF5yJsuaW,Rockabye (feat. Sean Paul & Anne-Marie),Rockabye (feat. Sean Paul & Anne-Marie),Clean Bandit,2016-10-21,251088,77,0.406,0.72,0.763,0.0,0.18,-4.068,0.742,0.0523,101.965,4
133,1zOaxkbS1kAY1gIi0g8sOm,It's My Life,Crush,Bon Jovi,2000-06-13,224493,0,0.0263,0.551,0.913,1.35e-05,0.347,-4.063,0.544,0.0466,119.992,4
134,1SxtJ1p2EH3TC8dVzDlN33,Drip,Drip,Paul Damixie,2023-06-23,169844,59,0.0209,0.8,0.478,0.158,0.104,-9.16,0.556,0.0739,125.031,4
135,5rtpGGu3bPKsJEFjDGs63M,Murder On The Dancefloor,Read My Lips,Sophie Ellis-Bextor,2001-01-01,229573,58,0.00346,0.734,0.844,1.81e-05,0.333,-5.357,0.823,0.0343,117.306,4
136,3x8iDlzufI5bf9yyvc4Onz,Dance Monkey,100 Greatest Party Songs,Various Artists,2022-12-16,209438,51,0.69,0.824,0.587,0.000105,0.149,-6.401,0.514,0.0937,98.029,4
137,3tEaG6sQONXxHNdiPo7gni,Secrets,Secrets,Paul Damixie,2023-04-25,160800,41,0.0731,0.704,0.818,0.102,0.272,-5.907,0.644,0.0518,124.969,4
138,7aQi48ImHQsfni7tDlFQvL,Snooze,SOS,SZA,2022-12-08,201800,62,0.129,0.538,0.541,0.0,0.115,-7.169,0.386,0.102,142.887,4
139,1CZOrmHUUjeDP7N2B4Ba6S,Bad Romance,The Fame Monster (Explicit Version),Lady Gaga,2009-01-01,294573,2,0.00314,0.696,0.921,5.24e-05,0.0842,-3.755,0.714,0.0363,119.001,4
140,27SdWb2rFzO6GWiYDBTD9j,Cheap Thrills,This Is Acting,Sia,2016-01-29,211666,80,0.0472,0.628,0.698,0.00143,0.0907,-5.608,0.732,0.105,89.976,4
141,3jWZTn9YmGH5lf0svT3dNH,Let Me Go,Let Me Go,Smiley,2024-01-09,183724,60,0.179,0.672,0.648,0.000501,0.201,-7.368,0.32,0.0322,144.912,4
142,1dNIEtp7AY3oDAKCGg2XkH,Something Just Like This,Something Just Like This,The Chainsmokers,2017-02-22,247626,75,0.0306,0.607,0.649,2.46e-05,0.174,-6.695,0.505,0.0362,102.996,4
143,5IaHrVsrferBYDm0bDyABy,Taste (feat. Offset),Taste (feat. Offset),Tyga,2018-05-16,232959,73,0.0236,0.884,0.559,0.0,0.101,-7.442,0.342,0.12,97.994,4
144,4h9wh7iOZ0GGn8QVp4RAOB,I Ain't Worried,"I Ain’t Worried (Music From The Motion Picture ""Top Gun: Maverick"")",OneRepublic,2022-05-13,148485,92,0.0826,0.704,0.797,0.000745,0.0546,-5.927,0.825,0.0475,139.994,4
145,1MSovZmmsTHsc2GqXAsg6r,Walking to the Moon,Walking to the Moon,Smiley,2023-12-14,175636,57,0.277,0.696,0.728,0.0125,0.14,-9.223,0.842,0.0504,110.026,4
146,20I6sIOMTCkB6w7ryavxtO,Call Me Maybe,Kiss,Carly Rae Jepsen,2012-01-01,193400,86,0.0114,0.783,0.58,2.28e-06,0.108,-6.548,0.66,0.0408,120.021,4
147,0azC730Exh71aQlOt9Zj3y,This Is What You Came For,This Is What You Came For,Calvin Harris,2016-04-29,222160,86,0.199,0.631,0.927,0.119,0.148,-2.787,0.465,0.0332,123.962,4
148,13NSf2YJVP9RLNBulaVART,I'm Good (Blue),Silvester Party Hits 2022 / 2023,Various Artists,2022-11-25,175238,47,0.00383,0.561,0.965,7.07e-06,0.371,-3.673,0.304,0.0343,128.04,4
149,4ZusswjWiR1T28DB0OFqrx,Tomorrow,Tomorrow,Smiley,2023-11-16,172758,26,0.574,0.656,0.606,0.0,0.0594,-10.2,0.469,0.0719,116.124,4
150,3cFsmM51N5zMAuu1nNY4Tw,No Lie,No Lie,Sean Paul,2016-11-18,221176,20,0.0437,0.741,0.891,0.0,0.256,-2.824,0.449,0.119,102.002,4
151,1OAh8uOEOvTDqkKFsKksCi,Wild Thoughts (feat. Rihanna & Bryson Tiller),Grateful,DJ Khaled,2017-06-22,204173,80,0.0329,0.671,0.672,0.0,0.118,-3.094,0.632,0.0688,97.979,4
152,2jldjxBm4qsNis0GlO4hBg,Days Of Summer - Toesup Remix,Days Of Summer (Toesup Remix),Smiley,2023-10-17,200571,35,0.301,0.742,0.68,0.000655,0.339,-10.093,0.469,0.112,139.99,4
153,5J7iGuzi7Nj8SGvt0TAVzK,The Way I Are,Shock Value Deluxe Version (International Version),Timbaland,2007-01-01,179280,0,0.179,0.73,0.807,0.718,0.28,-6.475,0.727,0.114,114.715,4
154,3w3y8KPTfNeOKPiqUTakBh,Locked out of Heaven,Unorthodox Jukebox,Bruno Mars,2012-12-07,233478,92,0.049,0.726,0.698,0.0,0.309,-4.165,0.867,0.0431,143.994,4
155,6JV2JOEocMgcZxYSZelKcc,"CAN'T STOP THE FEELING! (from DreamWorks Animation's ""TROLLS"")","CAN'T STOP THE FEELING! (from DreamWorks Animation's ""TROLLS"")",Justin Timberlake,2016-05-06,236001,81,0.0123,0.666,0.83,0.0,0.191,-5.715,0.702,0.0751,113.03,4
156,2klEWiRhxVFBm0oKc3PZtJ,Days Of Summer,Days Of Summer,Smiley,2023-09-07,178222,37,0.436,0.661,0.581,8.07e-05,0.113,-8.341,0.292,0.0298,134.976,4
157,7mitXLIMCflkhZiD34uEQI,Party Rock Anthem,Sorry For Party Rocking,LMFAO,2011-01-01,262146,77,0.0206,0.751,0.736,0.0,0.265,-4.168,0.352,0.156,130.014,4
158,2NoaaRL9Pe8scI91PJ3PD5,Buttons - Final Edit Version,Buttons (International Version),The Pussycat Dolls,2006-01-01,233186,0,0.206,0.478,0.829,0.0,0.255,-4.222,0.506,0.378,210.796,4
159,4QNpBfC0zvjKqPJcyqBy9W,Give Me Everything (feat. Nayer),Planet Pit (Deluxe Version),Pitbull,2011-06-17,252306,87,0.191,0.671,0.939,0.0,0.298,-3.206,0.53,0.161,129.024,4
160,4uWUh0RcgELNbWbMzhNPqw,Be My Baby,Be My Baby,Jealous Friend,2024-02-23,161904,45,0.259,0.769,0.78,0.0,0.211,-6.751,0.804,0.0459,126.011,4
161,2P4OICZRVAQcYAV2JReRfj,Waiting For Love,Stories,Avicii,2015-10-02,230613,84,0.31,0.579,0.736,0.0,0.198,-3.863,0.613,0.0527,127.999,4
162,79cuOz3SPQTuFrp8WgftAu,There's Nothing Holdin' Me Back,Illuminate (Deluxe),Shawn Mendes,2017-04-20,199440,0,0.381,0.857,0.8,0.0,0.0913,-4.035,0.966,0.0583,121.996,4
163,4kLLWz7srcuLKA7Et40PQR,I Gotta Feeling,THE E.N.D. (THE ENERGY NEVER DIES) [Deluxe Version],Black Eyed Peas,2009-01-01,289133,85,0.0873,0.743,0.766,0.0,0.509,-6.375,0.61,0.0265,127.96,4
164,5jGO6o6SyYwdfTbem15i6O,Gangsta,Gangsta,pizzaboys,2024-02-09,127619,54,0.013,0.852,0.95,0.407,0.532,-6.059,0.395,0.12,125.972,4
165,6PQ88X9TkUIAUIZJHW2upE,Bad Habits,Bad Habits,Ed Sheeran,2021-06-25,231041,14,0.0469,0.808,0.897,3.14e-05,0.364,-3.712,0.591,0.0348,126.026,4
166,3VqeTFIvhxu3DIe4eZVzGq,Butter,Butter,BTS,2021-05-21,164441,1,0.00323,0.759,0.459,0.0,0.0906,-5.187,0.695,0.0948,109.997,4
167,4Pbg79cTBu4vgSphoyNq3j,2002,2002,Anne-Marie,2018-04-19,186986,65,0.0372,0.697,0.683,0.0,0.137,-2.881,0.603,0.117,96.133,4
168,1L4W2tNN6lYLlRiTXUFewO,Come & Go,Come & Go,Edine,2024-01-26,155454,56,0.0354,0.739,0.837,2.38e-06,0.384,-5.557,0.471,0.0394,131.934,4
169,7vKfym6hgeJxxyyVpiXBBX,Animals,Animals,Martin Garrix,2013,303040,1,0.00148,0.676,0.858,0.673,0.307,-6.698,0.0371,0.0391,128.011,4
170,140dx97IbJbQhIMd7AaHeb,love nwantiti (ah ah ah) [feat. Joeboy & Kuami Eugene] [Remix],love nwantiti (ah ah ah) [feat. Joeboy & Kuami Eugene] [Remix],CKay,2020-02-13,188093,62,0.568,0.655,0.708,0.00117,0.113,-6.403,0.525,0.141,186.017,4
171,0LMwmV37RCmBO2so0szAFs,Whatever,Whatever,Kygo,2024-01-19,178273,91,0.114,0.576,0.776,0.0,0.333,-5.678,0.596,0.066,107.943,4
172,0LdUrbMe0TO17pEXPdsCn8,Lookin' For You,Lookin' For You,Jealous Friend,2024-01-19,139000,55,0.0976,0.722,0.651,2.04e-05,0.474,-8.527,0.674,0.051,120.071,4
173,6bQfNiqyCX7UaQSvVVGo4I,Shivers,Shivers,Ed Sheeran,2021-09-10,207853,3,0.281,0.788,0.859,0.0,0.0424,-2.724,0.822,0.0856,141.02,4
174,2VqAEP1yY5T523K7bZtL8a,Right Now (Na Na Na),Freedom,Akon,2008-01-01,240746,8,0.262,0.83,0.857,0.0,0.413,-4.194,0.607,0.152,137.982,4
175,1a1r5s7ivXUVQQrIvo5VSs,Love Me Again,Tribute,John Newman,2013-01-01,239894,0,0.00445,0.5,0.892,0.000422,0.0969,-4.714,0.233,0.0433,126.019,4
176,3W9eBXTpjFlRZfQdQR3czl,Lonely,Lonely,pizzaboys,2023-12-15,159360,55,0.11,0.814,0.78,0.0,0.269,-8.77,0.432,0.263,124.993,4
177,7a86XRg84qjasly9f6bPSD,We Are Young (feat. Janelle Monáe),Some Nights,fun.,2012-02-21,250626,77,0.02,0.378,0.638,7.66e-05,0.0849,-5.576,0.735,0.075,184.086,4
178,25sgk305KZfyuqVBQIahim,Sweet but Psycho,Sweet but Psycho,Ava Max,2018-08-17,187436,2,0.0691,0.719,0.704,0.0,0.166,-4.724,0.628,0.0476,133.002,4
179,5IVuqXILoxVWvWEPm82Jxr,Crazy In Love (feat. Jay-Z),Dangerously In Love,Beyoncé,2003-06-24,236133,82,0.00249,0.646,0.77,0.0,0.0715,-6.596,0.681,0.226,99.165,4
180,0y1EQsukiLBV7qmBWlW4w3,24/7,24/7,Edine,2023-11-24,168780,40,0.0155,0.644,0.764,0.00125,0.36,-4.929,0.605,0.033,122.984,4
181,41Fflg7qHiVOD6dEPvsCzO,Worth It (feat. Kid Ink),Reflection (Deluxe),Fifth Harmony,2015-01-30,224573,77,0.063,0.884,0.765,7.04e-06,0.118,-3.865,0.594,0.0882,99.987,4
182,0bI7K9Becu2dtXK1Q3cZNB,Don't Be Shy,Don't Be Shy,Tiësto,2021-08-12,140500,79,0.198,0.77,0.787,0.0,0.262,-3.748,0.513,0.0583,119.986,4
183,2cZrrQMjB63c0iIugYH9zS,Rain Over Me (feat. Marc Anthony),Planet Pit (Deluxe Version),Pitbull,2011-06-17,231573,75,0.00416,0.61,0.906,0.0,0.758,-2.117,0.294,0.0648,127.916,4
184,5Fg7jWM50TQuKwZZSgdnDq,Eyes Wide Shut,Eyes Wide Shut,Alex Parker,2023-11-24,130285,40,0.0078,0.665,0.919,8.91e-06,0.0822,-4.449,0.622,0.0394,139.959,4
185,0k93MXOj0kSXo84SvSDeUz,Ocean Drive,Ocean Drive,Duke Dumont,2015-07-31,206320,0,0.00714,0.689,0.711,0.000499,0.135,-5.027,0.566,0.0455,115.048,4
186,5U3A9i3mtdEQHHHtoFkgSv,My Humps - Single Version,Temptation 2021,Various Artists,2021-04-16,251666,24,0.104,0.959,0.725,0.0,0.163,-5.322,0.84,0.299,123.993,4
187,6CjtS2JZH9RkDz5UVInsa9,Thrift Shop (feat. Wanz),The Heist,Macklemore,2012-10-09,235613,81,0.0633,0.781,0.526,0.0,0.0457,-6.986,0.665,0.293,94.993,4
188,3PGrp98S56EeK9OLEXWdu0,On My Mind,On My Mind,Carine,2023-11-17,167536,46,0.144,0.665,0.805,0.000363,0.259,-6.151,0.648,0.0451,126.033,4
189,2gFvRmQiWg9fN9i74Q0aiw,24K Magic,24K Magic,Bruno Mars,2016-10-07,225983,62,0.034,0.818,0.803,0.0,0.153,-4.282,0.632,0.0797,106.97,4
190,4pLwZjInHj3SimIyN9SnOz,Side To Side,Dangerous Woman,Ariana Grande,2016-05-20,226160,6,0.0408,0.648,0.738,0.0,0.292,-5.883,0.603,0.247,159.145,4
191,1rqqCSm0Qe4I9rUvWncaom,High Hopes,Pray for the Wicked,Panic! At The Disco,2018-06-22,190946,85,0.193,0.579,0.904,0.0,0.064,-2.729,0.681,0.0618,82.014,4
192,7k1CDhwf6DmTXIsanIS4jz,Zilevo,Zilevo,toka,2023-09-22,163837,50,0.451,0.762,0.608,1.09e-06,0.0947,-5.077,0.717,0.0421,126.047,4
193,7vfWgVGiLgnGbInU5lvSQg,I Took A Pill In Ibiza - Seeb Remix,I Took A Pill In Ibiza (Seeb Remix),Mike Posner,2015-07-24,199226,0,0.037,0.673,0.79,9.95e-06,0.0875,-4.663,0.705,0.0893,102.013,4
194,7F1yVPuJ4xRdrDvf8OL0HF,"My Heart Will Go On - Love Theme from ""Titanic""",Titanic: Original Motion Picture Soundtrack - Collector's Anniversary Edition,James Horner,1997,310706,59,0.801,0.157,0.119,0.000998,0.126,-20.156,0.0391,0.036,67.005,3
195,6lanRgr6wXibZr8KgzXxBl,a thousand years,A Thousand Years,Christina Perri,2011-10-18,285120,86,0.309,0.421,0.407,0.000961,0.11,-7.445,0.161,0.0267,139.028,3
196,4l0Mvzj72xxOpRrp6h8nHi,Lose You To Love Me,Rare,Selena Gomez,2020-01-10,206458,83,0.556,0.488,0.343,0.0,0.21,-8.985,0.0978,0.0436,102.819,4
197,1m84zLz4WizjR4mCDoXReg,I Don't Care - Acoustic,I Don't Care (Acoustic),Ed Sheeran,2019-05-31,238220,66,0.791,0.706,0.349,0.0,0.108,-8.125,0.624,0.0302,94.058,4
198,3tP6QKbXvtrxiDI7QwKyUf,STAY,SQUARE TWO,BLACKPINK,2016-11-01,230322,72,0.551,0.63,0.432,5.84e-06,0.0962,-6.721,0.343,0.0357,87.959,4
199,2P91MQbaiQOfbiz9VqhqKQ,I Like Me Better,I met you when I was 18. (the playlist),Lauv,2018-05-31,197436,10,0.535,0.752,0.505,2.55e-06,0.104,-7.621,0.419,0.253,91.97,4
200,3j8QgOzaCCNOI0Kr4gIjoK,I Like You So Much You'll Know It,I Like You So Much You'll Know It,Ysabella,2021-01-06,198019,0,0.508,0.71,0.447,0.0,0.104,-6.405,0.485,0.0328,107.983,4
201,4HBZA5flZLE435QTztThqH,Stuck with U (with Justin Bieber),Stuck with U,Ariana Grande,2020-05-08,228482,82,0.223,0.597,0.45,0.0,0.382,-6.658,0.537,0.0418,178.765,3
202,0lx2cLdOt3piJbcaXIV74f,willow,evermore,Taylor Swift,2020-12-11,214706,84,0.833,0.392,0.574,0.00179,0.145,-9.195,0.529,0.17,81.112,4
203,514rhnksEwHUh6LxXsQ4Y9,Back To You,13 Reasons Why (Season 2),Selena Gomez,2018-05-18,210240,71,0.0984,0.6,0.683,1.26e-06,0.11,-6.271,0.494,0.0493,102.036,4
204,0tBbt8CrmxbjRP0pueQkyU,Wolves,Wolves,Selena Gomez,2017-10-25,197993,81,0.124,0.724,0.804,0.0,0.204,-4.614,0.306,0.0448,124.987,4
205,1D4PL9B8gOg78jiHg3FvBb,Love Story,Fearless (Big Machine Radio Release Special),Taylor Swift,2008-11-11,236266,79,0.131,0.617,0.741,0.0,0.0772,-3.97,0.306,0.0311,118.984,4
206,3zHq9ouUJQFQRf3cm1rRLu,"Love Me Like You Do - From ""Fifty Shades Of Grey""",Delirium (Deluxe),Ellie Goulding,2015-11-06,252534,80,0.247,0.262,0.606,0.0,0.125,-6.646,0.275,0.0484,189.857,4
207,2ayIgfvWo3SfYP2pVOr4pC,Gone,R,ROSÉ,2021-03-12,207163,75,0.594,0.647,0.377,0.0,0.0768,-6.003,0.653,0.0375,79.936,4
208,1R0hxCA5R7z5TiaXBZR7Mf,SOLO,SOLO,JENNIE,2018-11-12,169566,75,0.0861,0.752,0.642,0.0,0.0953,-5.165,0.388,0.0869,95.043,4
209,4ghGrdxwqLA6ZoCiu0u4IR,Don't Know What To Do,Kill This Love,BLACKPINK,2019-04-05,201081,67,0.0992,0.628,0.64,0.0,0.138,-4.164,0.409,0.0491,129.815,4
210,4OafepJy2teCjYJbvFE60J,breathin,Sweetener,Ariana Grande,2018-08-17,198160,73,0.0211,0.568,0.656,1.37e-05,0.213,-5.413,0.364,0.0433,100.049,4
211,1diS6nkxMQc3wwC4G1j0bh,We're Good,Future Nostalgia (The Moonlight Edition),Dua Lipa,2021-02-11,165506,74,0.0319,0.722,0.588,0.0,0.183,-5.932,0.59,0.0544,134.01,4
212,5OCJzvD7sykQEKHH7qAC3C,God is a woman,Sweetener,Ariana Grande,2018-08-17,197546,80,0.0233,0.602,0.658,6e-05,0.237,-5.934,0.268,0.0558,145.031,4
213,4uqh9bualXNHXXwO2wPorc,Daisies,Daisies,Katy Perry,2020-05-15,173123,59,0.0837,0.639,0.546,0.0,0.122,-5.382,0.149,0.0407,122.179,4
214,2msvOEbkK50foYf9BMXr2X,Lover - First Dance Remix,Lover (First Dance Remix),Taylor Swift,2019-11-26,233466,60,0.687,0.506,0.425,1.08e-06,0.158,-8.198,0.214,0.0343,68.449,4
215,0Gl5s8IhMmQE5YQwM8Qx1J,Never Enough,The Greatest Showman (Original Motion Picture Soundtrack),Various Artists,2017-12-08,207786,77,0.423,0.277,0.394,0.0,0.0952,-8.903,0.227,0.0336,86.777,3
216,55n9yjI6qqXh5F2mYvUc2y,I Don’t Wanna Live Forever (Fifty Shades Darker),reputation Stadium Tour Surprise Song Playlist,Taylor Swift,2017-11-09,247160,86,0.0586,0.731,0.445,1.96e-05,0.14,-8.418,0.106,0.0533,117.97,4
217,630sXRhIcfwr2e4RdNtjKN,Rewrite The Stars,Rewrite The Stars,Zac Efron,2017-11-17,217440,77,0.0716,0.684,0.619,0.0,0.122,-7.005,0.284,0.0386,125.046,4
218,3TcL0dyCMyr0kyTTc4NLgI,Who Says,When The Sun Goes Down,Selena Gomez & The Scene,2011-01-01,195613,78,0.0843,0.682,0.927,0.0,0.149,-2.915,0.744,0.0479,101.019,4
219,314ZkcV7oLWG8yWE7LABvH,Make It Right (feat. Lauv),Make It Right (feat. Lauv),BTS,2019-10-18,226321,1,0.0304,0.584,0.685,0.0,0.189,-7.811,0.345,0.425,97.551,4
220,3Z0oQ8r78OUaHvGPiDBR3W,Into the Unknown,Frozen 2 (Original Motion Picture Soundtrack/Deluxe Edition),Various Artists,2019-11-15,194848,76,0.849,0.323,0.405,0.000544,0.138,-8.533,0.274,0.0413,145.104,5
221,5EbX5xL3O2xT8FxCpYzgUO,"How Far I'll Go - From ""Moana""","How Far I'll Go (From ""Moana"")",Alessia Cara,2016-10-28,175517,67,0.155,0.309,0.544,0.000265,0.0727,-9.621,0.16,0.352,180.979,4
222,6RB0lLhO7zUUSi0COMD7lb,I Am Moana (Song of the Ancestors),Moana (Original Motion Picture Soundtrack/Deluxe Edition),Various Artists,2016-11-18,162826,49,0.571,0.36,0.205,0.0,0.0797,-11.576,0.232,0.0477,148.985,4
223,3JlqQyrjz3MtZk2AK5V57u,"We Know The Way - From ""Moana""","We Know The Way (From ""Moana"")",Opetaia Foa'i,2016-11-11,141414,55,0.368,0.692,0.597,0.0,0.113,-8.784,0.393,0.0361,97.96,4
224,44AyOl4qVkzS48vBsbNXaC,Can't Help Falling in Love,Blue Hawaii,Elvis Presley,1961-10-20,182360,83,0.941,0.396,0.293,0.000196,0.105,-14.062,0.343,0.0275,100.307,3
225,1j4kHkkpqZRBwE0A4CN4Yv,Dusk Till Dawn (feat. Sia) - Radio Edit,Dusk Till Dawn (feat. Sia) [Radio Edit],ZAYN,2017-09-07,239000,77,0.102,0.259,0.437,1.32e-06,0.106,-6.589,0.0951,0.0386,180.042,4
226,7r6xGsyES2DTacyP6O585i,Never Ending Story,"Stranger Things: Soundtrack from the Netflix Original Series, Season 3",Various Artists,2019-07-05,125480,60,0.0103,0.438,0.489,1.22e-05,0.442,-11.568,0.182,0.0465,136.077,3
227,1Xi84slp6FryDSCbzq4UCD,Arcade,Arcade,Duncan Laurence,2019-03-07,183624,80,0.818,0.45,0.329,0.00109,0.135,-12.603,0.266,0.0441,71.884,3
228,2JzZzZUQj3Qff7wapcbKjc,See You Again (feat. Charlie Puth),See You Again (feat. Charlie Puth),Wiz Khalifa,2015,229525,86,0.369,0.689,0.481,1.03e-06,0.0649,-7.503,0.283,0.0815,80.025,4
229,7FMudQFEInauBuk4OP1yhT,"La Vie En Rose - From ""How I Met Your Mother: Season 9""",How I Met Your Music: Deluxe (Original Television Soundtrack),Various Artists,2014-09-23,84933,47,0.934,0.649,0.16,0.0,0.0727,-9.795,0.597,0.254,79.852,1
230,4nOygULhEuDO5ZBRNPFaso,Wavin' Flag - Coca-Cola® Celebration Mix,Troubadour (Champion Edition - Asian Version),K'NAAN,2009,212520,68,0.313,0.58,0.767,0.0,0.0518,-4.174,0.776,0.0557,151.845,4
231,2J2Z1SkXYghSajLibnQHOa,Unstoppable,This Is Acting,Sia,2016-01-29,217746,82,0.112,0.468,0.779,0.000373,0.101,-4.839,0.26,0.0779,173.799,4
232,5J4WHWFvEWRd2FBVhcTcmi,"Dancing In The Dark - From The ""Home"" Soundtrack",Home (Original Motion Picture Soundtrack),Various Artists,2015-03-23,223040,64,0.179,0.795,0.749,0.0,0.0875,-3.604,0.761,0.0525,115.003,4
233,4cluDES4hQEUhmXj6TXkSo,What Makes You Beautiful,Up All Night,One Direction,2012-05-25,199986,87,0.009,0.726,0.787,0.0,0.0596,-2.494,0.888,0.0737,124.99,4
234,2tGvwE8GcFKwNdAXMnlbfl,happier,SOUR,Olivia Rodrigo,2021-05-21,175933,87,0.765,0.395,0.443,9.67e-06,0.0839,-9.72,0.338,0.133,168.924,3
235,0ct6r3EGTcMLPtrXHDvVjc,The Nights,The Days / Nights,Avicii,2014-01-01,176658,88,0.0166,0.527,0.835,0.0,0.249,-5.298,0.654,0.0433,125.983,4
236,0qOnSQQF0yzuPWsXrQ9paz,Stereo Hearts (feat. Adam Levine),The Papercut Chronicles II,Gym Class Heroes,2011-11-11,210960,83,0.0319,0.646,0.795,0.0,0.267,-3.293,0.796,0.0976,89.99,4
237,2H3xBRsVUU6tmcjycXEVAK,Love Me,My Worlds - The Collection (International Package),Justin Bieber,2010-01-01,191573,41,0.00939,0.712,0.868,0.0,0.283,-3.319,0.652,0.0656,125.028,4
238,0XPsOSYzDJZJArevQNm2AR,Speechless (Full),Aladdin (Original Motion Picture Soundtrack),Various Artists,2019-05-22,208800,72,0.467,0.474,0.489,0.0,0.119,-7.625,0.23,0.0342,124.844,4
239,0sXJUHfwsocaJaLM5osoWX,Beauty and the Beast,Beauty and the Beast (Original Motion Picture Soundtrack/Deluxe Edition),Various Artists,2017-03-10,199509,54,0.797,0.211,0.23,1.98e-05,0.0991,-12.518,0.102,0.0349,87.641,4
240,62aP9fBQKYKxi7PDXwcUAS,ily (i love you baby) (feat. Emilee),ily (i love you baby) (feat. Emilee),Surf Mesa,2019-11-26,176546,78,0.0686,0.674,0.774,0.00188,0.393,-7.567,0.33,0.0892,112.05,4
241,4y4spB9m0Q6026KfkAvy9Q,Lonely (with benny blanco),Lonely (with benny blanco),Justin Bieber,2020-10-16,149297,72,0.864,0.631,0.239,0.0,0.116,-7.071,0.0927,0.0398,79.859,4
242,3Fj47GNK2kUF0uaEDgXLaD,wish you were gay,"WHEN WE ALL FALL ASLEEP, WHERE DO WE GO?",Billie Eilish,2019-03-29,221543,76,0.39,0.853,0.351,9.38e-06,0.752,-10.198,0.282,0.241,118.028,4
243,5O2P9iiztwhomNh8xkR9lJ,Night Changes,FOUR (Deluxe),One Direction,2014-11-17,226600,89,0.859,0.672,0.52,0.0,0.115,-7.747,0.37,0.0353,120.001,4
244,4R2kfaDFhslZEMJqAFNpdd,cardigan,folklore,Taylor Swift,2020-07-24,239560,91,0.537,0.613,0.581,0.000345,0.25,-8.588,0.551,0.0424,130.033,4
245,4pvb0WLRcMtbPGmtejJJ6y,exile (feat. Bon Iver),folklore,Taylor Swift,2020-07-24,285634,83,0.778,0.298,0.38,5.62e-05,0.11,-8.426,0.152,0.0287,75.602,4
246,6CgNoAbFJ4Q4Id4EjtbXlC,Photograph,"Cover Sessions, Vol. 4",Boyce Avenue,2017-12-19,260186,67,0.83,0.717,0.32,0.0,0.107,-8.393,0.322,0.0283,107.946,4
247,0UAdDYrkCvVQftaKpL6q5f,the lakes - original version,the lakes (original version),Taylor Swift,2021-07-24,227203,67,0.717,0.197,0.406,0.000362,0.293,-10.904,0.251,0.0619,90.053,4
248,4ghtfsXhiQrdizUJRSwHTQ,Night Changes (Acoustic Version),AJ Wray 2015 Covers,AJ Wray,2015-07-05,216555,31,0.835,0.681,0.32,0.0,0.108,-8.793,0.432,0.0313,120.013,4
249,2TeLIzFBe3hxkPR5FIQZut,Like I Can,In The Lonely Hour,Sam Smith,2014-05-26,167065,81,0.343,0.656,0.627,2.17e-05,0.124,-6.627,0.481,0.0379,99.933,4
250,06vNG6CiV4k8oNA0wUUAO7,Until I Found You - Piano Version,Until I Found You (Piano Version),Stephen Sanchez,2022-03-11,184895,71,0.927,0.603,0.148,0.0,0.101,-10.449,0.228,0.0279,95.451,3
251,3oYW30oQJXrjDsvxtdPuoT,Sweater Weather,Sweater Weather,Joel Sunny,2021-01-03,181945,0,0.831,0.142,0.453,0.0336,0.216,-7.63,0.141,0.0506,82.395,3
252,6ZuahEctZD6w75peme58hm,Wonder,Wonder,Shawn Mendes,2020-12-04,172692,74,0.136,0.442,0.631,2.29e-05,0.133,-5.096,0.129,0.05,139.774,4
253,0V5cvmTKsYmF5FmGGEAfmS,Je te laisserai des mots,Je te laisserai des mots,Patrick Watson,2010-09-10,160853,88,0.989,0.303,0.187,0.489,0.101,-16.757,0.213,0.0356,132.731,4
254,0iNZGC211wst3VjtobNnC5,Family Line,Superache,Conan Gray,2022-06-24,216094,77,0.619,0.326,0.397,0.0,0.0979,-8.145,0.276,0.0461,153.713,3
255,71V89tJj9CboDyzncO6ZN2,Stars Are Blind,Paris (U.S. Standard Version),Paris Hilton,2006-08-14,236600,64,0.00593,0.745,0.695,0.0,0.0615,-5.076,0.519,0.0271,102.014,4
256,56WyBDj6pArMy9LQwmPztG,How to Save a Life,"Cover Sessions, Vol. 5",Boyce Avenue,2020-01-24,238198,41,0.734,0.678,0.665,0.0,0.0939,-6.835,0.407,0.0386,121.926,4
257,1SmiQ65iSAbPto6gPFlBYm,It’s Nice To Have A Friend,Lover,Taylor Swift,2019-08-23,150440,73,0.971,0.737,0.175,0.000337,0.171,-9.912,0.545,0.0401,70.008,4
258,3TFoEJe5zNuHZStRboWPxg,People Watching,Superache,Conan Gray,2022-06-24,158536,81,0.381,0.53,0.592,0.0,0.294,-7.281,0.544,0.0534,125.721,4
259,0wavGRldH0AWyu2zvTz8zb,Sweet Nothing,Midnights,Taylor Swift,2022-10-21,188496,76,0.964,0.337,0.156,7.72e-05,0.115,-14.919,0.39,0.0518,176.655,4
260,22bPsP2jCgbLUvh82U0Z3M,The Way I Loved You (Taylor’s Version),Fearless (Taylor's Version),Taylor Swift,2021-04-09,243136,82,0.0033,0.402,0.732,0.0,0.108,-4.665,0.472,0.0484,161.032,4
261,1fDsrQ23eTAVFElUMaf38X,American Pie,American Pie,Don McLean,1971,516893,79,0.699,0.531,0.481,0.0,0.0842,-11.709,0.491,0.06,138.45,4
262,5YqEzk3C5c3UZ1D5fJUlXA,Sunroof,Good Times Go,Nicky Youre,2023-06-09,163025,85,0.352,0.768,0.714,0.0,0.15,-5.11,0.842,0.0401,131.443,4
263,4Dvkj6JhhA12EX05fT7y2e,As It Was,Harry's House,Harry Styles,2022-05-20,167303,94,0.342,0.52,0.731,0.00101,0.311,-5.338,0.662,0.0557,173.93,4
264,54ipXppHLA8U4yqpOFTUhr,Bones,Mercury - Acts 1 & 2,Imagine Dragons,2022-07-01,165264,87,0.0201,0.772,0.75,0.0,0.074,-3.67,0.587,0.0455,114.061,4
265,0NZPBYD5qbEWRs3PrGiRkT,Unholy (feat. Kim Petras),Gloria,Sam Smith,2023-01-27,156943,81,0.011,0.712,0.463,2.96e-06,0.301,-7.399,0.206,0.0797,131.199,4
266,08bNPGLD8AhKpnnERrAc6G,FRIENDS,FRIENDS,Marshmello,2018-02-09,202620,80,0.205,0.626,0.88,0.0,0.128,-2.384,0.534,0.0504,95.079,4
267,5QDLhrAOJJdNAmCTJ8xMyW,Dynamite,BE,BTS,2020-11-20,199053,84,0.0112,0.746,0.765,0.0,0.0936,-4.41,0.737,0.0993,114.044,4
268,4TgxFMOn5yoESW6zCidCXL,Savage Love (Laxed – Siren Beat) [BTS Remix],Savage Love (Laxed - Siren Beat) [BTS Remix],Jawsh 685,2020-10-02,184905,69,0.16,0.758,0.598,0.0,0.295,-5.695,0.658,0.0868,149.836,4
269,6jjYDGxVJsWS0a5wlVF5vS,Butter,Proof,BTS,2022-06-10,164952,79,0.00323,0.759,0.459,0.0,0.0788,-5.187,0.695,0.0948,109.997,4
270,64p6ua7zpf66s62StC2QLv,Bad Boy (feat. Luana Kiara),Bad Boy (feat. Luana Kiara),Raaban,2018-08-24,190673,68,0.13,0.644,0.892,0.000113,0.0893,-1.1,0.767,0.0567,180.044,4
271,6osKPJp6kQwZcgUqBteJFN,Safari,Safari,Serena,2017-11-28,187408,64,0.445,0.799,0.689,0.0122,0.18,-6.793,0.477,0.053,103.019,4
272,16ih0TTm4REIQuYBMPTHm8,Sugar & Brownies,Sugar & Brownies,DHARIA,2019-04-05,197836,35,0.168,0.792,0.719,0.0,0.0276,-5.123,0.472,0.257,100.02,4
273,2aV5O2XavZhZgO21p2rG2F,Infinity,Infinity (PRETTY YOUNG Remix),Jaymes Young,2021-12-10,237720,50,0.15,0.671,0.673,5.16e-05,0.304,-6.941,0.493,0.0444,121.96,4
274,58HvfVOeJY7lUuCqF0m3ly,MIDDLE OF THE NIGHT,MIDDLE OF THE NIGHT,Elley Duhé,2020-01-10,184447,83,0.0228,0.41,0.611,0.0,0.116,-8.271,0.0899,0.0467,185.727,3
275,2rRJrJEo19S2J82BDsQ3F7,Falling,Nicotine,Trevor Daniel,2020-03-26,159381,0,0.123,0.784,0.43,0.0,0.0887,-8.756,0.236,0.0364,127.087,4
276,4cktbXiXOapiLBMprHFErI,Memories,JORDI (Deluxe),Maroon 5,2021-06-11,189486,87,0.841,0.775,0.327,0.0,0.0821,-7.241,0.595,0.0557,91.05,4
277,0BGwAKW4u8kWOhWFflZxfl,Astronaut In The Ocean,Astronaut In The Ocean (International Remixes),Masked Wolf,2019-01-01,132780,54,0.175,0.778,0.695,0.0,0.15,-6.865,0.472,0.0913,149.996,4
278,1HHzmFwcB8Cs7WyNukkCSn,Light The Sky [Music from the FIFA World Cup Qatar 2022 Official Soundtrack],Light The Sky [Music from the FIFA World Cup Qatar 2022 Official Soundtrack],Nora Fatehi,2022-10-07,258782,49,0.274,0.664,0.893,0.0,0.321,-4.435,0.562,0.0829,114.969,4
279,1RDvyOk4WtPCtoqciJwVn8,Dreamers [Music from the FIFA World Cup Qatar 2022 Official Soundtrack],Dreamers [Music from the FIFA World Cup Qatar 2022 Official Soundtrack],Jung Kook,2022-11-20,201391,64,0.158,0.71,0.879,0.00142,0.439,-4.218,0.341,0.0422,114.993,4
280,1SC5rEoYDGUK4NfG82494W,MONTERO (Call Me By Your Name),MONTERO,Lil Nas X,2021-09-17,137704,80,0.293,0.593,0.503,0.0,0.405,-6.725,0.71,0.22,178.781,4
281,4gvrJnKCKIPiacNsWVQwEU,love nwantiti (feat. Dj Yo! & AX'EL) - Remix,love nwantiti (feat. Dj Yo! & AX'EL) [Remix],CKay,2021-09-09,188368,75,0.436,0.579,0.596,0.0938,0.0549,-4.823,0.443,0.0561,119.9,3
282,4iJyoBOLtHqaGxP12qzhQI,Peaches (feat. Daniel Caesar & Giveon),Justice,Justin Bieber,2021-03-19,198081,83,0.321,0.677,0.696,0.0,0.42,-6.181,0.464,0.119,90.03,4
283,1K2RnVhm3eauKnA8PAcPu1,Heat Waves - Slowed,Heat Waves (Expansion Pack),Glass Animals,2021-03-21,262248,70,0.649,0.633,0.55,0.000363,0.147,-9.965,0.333,0.0924,147.099,4
284,2sHYMLUd4nVLxHPKY05Ein,Habibi - Albanian Remix,Habibi (Albanian Remix),Ricky Rich,2021-11-19,129589,74,0.0223,0.639,0.728,0.00384,0.68,-7.065,0.0996,0.0301,103.966,4
285,48fKgzfvTU4U7eyRtIYaHP,Bilionera - Radio Edit,Bilionera,Otilia,2014-08-28,185294,62,0.0438,0.66,0.87,0.0138,0.122,-1.822,0.807,0.0601,170.193,4
286,4OgwXdylh75fHfwUzJTUqg,Rockstar,Rockstar,Ilkay Sencan,2019-06-21,212280,71,0.142,0.771,0.826,0.03,0.145,-3.978,0.185,0.0604,100.012,4
287,48QmG1dfvMuYLxMPt7KSRA,No Lie,Mad Love The Prequel,Sean Paul,2018-06-29,221176,85,0.0466,0.742,0.882,0.0,0.206,-2.862,0.463,0.117,102.04,4
288,5Lxf40h4znaCzgopeMEgyd,Cheap Thrills,Cheap Thrills,Lilly Oxford,2020-01-25,211200,51,0.00508,0.554,0.671,4.34e-06,0.0935,-6.849,0.608,0.0546,179.958,4
289,6HGoVbCUr63SgU3TjxEVj6,Satisfya,Satisfya,Imran Khan,2013-05-09,180056,70,0.00451,0.726,0.652,3.32e-05,0.226,-7.764,0.803,0.11,163.879,4
290,3CIyK1V4JEJkg02E4EJnDl,Enemy (with JID) - from the series Arcane League of Legends,Mercury - Acts 1 & 2,Imagine Dragons,2022-07-01,173381,84,0.237,0.728,0.783,0.0,0.434,-4.424,0.555,0.266,77.011,4
291,28VbwtsYnj85UEODGpQRem,"Alone, Pt. II",World Of Walker,Alan Walker,2021-11-26,179052,77,0.539,0.673,0.659,0.0,0.129,-4.493,0.628,0.0439,88.011,4
292,6inzGTxyGsXVjpVKtFGrcE,Rise Up,Rise Up,TheFatRat,2019-10-25,169756,68,0.254,0.614,0.694,2.63e-06,0.0733,-5.713,0.578,0.0932,163.942,4
293,0b11D9D0hMOYCIMN3OKreM,Into Your Arms (feat. Ava Max),Into Your Arms (feat. Ava Max),Witt Lowry,2018-06-08,186022,76,0.0134,0.504,0.788,0.0,0.363,-4.113,0.228,0.215,170.039,4
294,4roFa7xAssMrBfim1b6OKo,Last Dance,Last Dance,Sanctified Souldier,2018-05-11,218475,38,0.364,0.492,0.875,4.54e-05,0.0888,-5.94,0.399,0.381,144.315,4
295,2DgdHcjWmO3qd50RzuBLgZ,House of Memories,Death of a Bachelor,Panic! At The Disco,2016-01-15,208706,83,0.00272,0.506,0.817,0.0,0.0486,-5.051,0.506,0.0335,109.952,4
296,228BxWXUYQPJrJYHDLOHkj,Gasolina,Barrio Fino (Bonus Track Version),Daddy Yankee,2004-07-13,192600,85,0.322,0.852,0.797,2.69e-06,0.0845,-6.543,0.741,0.0614,96.008,4
297,45OX2jjEw1l7lOFJfDP9fv,MONEY,LALISA,LISA,2021-09-10,168227,82,0.163,0.826,0.553,4.12e-05,0.135,-10.121,0.4,0.234,140.037,4
298,75bs250qy6CzGEDxExe3sP,2 Dumb Kids,2 Dumb Kids,Levent Geiger,2023-02-17,159230,59,0.0879,0.748,0.514,1.15e-06,0.143,-6.446,0.843,0.0359,128.03,4
299,1r9xUipOqoNwggBpENDsvJ,Enemy (with JID) - from the series Arcane League of Legends,Enemy (with JID) [from the series Arcane League of Legends],Imagine Dragons,2021-10-28,173381,80,0.237,0.728,0.783,0.0,0.434,-4.424,0.555,0.266,77.011,4
300,3Ek7BRwu6eO2kSeNMlZC1A,Hey Mama,So Am I - 10's Anthems,Various Artists,2021-09-03,192560,54,0.24,0.596,0.73,0.0,0.325,-4.091,0.524,0.151,85.979,4
301,68EkhVWIeULhHxcbi1QhzK,World's Smallest Violin,OK ORCHESTRA,AJR,2021-03-26,180746,72,0.121,0.68,0.697,0.0,0.661,-7.01,0.684,0.0484,116.033,4
302,7eJMfftS33KTjuF7lTsMCx,death bed (coffee for your head),death bed (coffee for your head),Powfu,2020-02-08,173333,84,0.731,0.726,0.431,0.0,0.696,-8.765,0.348,0.135,144.026,4
303,4RvWPyQ5RL0ao9LPZeSouE,Everybody Wants To Rule The World,Songs From The Big Chair (Super Deluxe Edition),Tears For Fears,1985-02-25,251488,90,0.347,0.645,0.795,0.00389,0.104,-12.095,0.535,0.0527,112.067,4
304,0QfppqtzzFYz9GCQJPNlot,Call Me When You Want Call Me When You Need,Call Me When You Want Call Me When You Need,DJ Gotta,2021-04-09,129280,52,0.323,0.73,0.434,0.0,0.18,-8.187,0.817,0.0497,178.956,4
305,6uRDIUlho7fUYTUsGVvNXU,Sometimes All I Think About Is You,Sometimes All I Think About Is You,DJ Gotta,2022-02-03,184052,49,0.247,0.726,0.375,7.87e-05,0.139,-7.034,0.601,0.136,80.806,4
306,7gj7UTufJDTQWuEPHHpvFr,Love Story Remix (I Love You) [TikTok Dance],Love Story Remix (I Love You) [TikTok Dance],DJ Gotta,2020-10-02,176743,60,0.368,0.863,0.622,2.78e-05,0.234,-5.159,0.564,0.0347,127.931,4
307,76OGwb5RA9h4FxQPT33ekc,SNAP,SNAP,Rosa Linn,2022-03-19,179551,87,0.107,0.565,0.636,9.9e-06,0.447,-8.198,0.525,0.0638,170.01,4
308,06KyNuuMOX1ROXRhj787tj,We Don't Talk Anymore (feat. Selena Gomez),Nine Track Mind,Charlie Puth,2016-01-29,217706,85,0.621,0.728,0.563,0.0,0.179,-8.053,0.352,0.134,100.017,4
309,4v7DCN09hgXkKazefkznDQ,Lonely,Trouble Deluxe Edition,Akon,2005-01-01,235800,80,0.339,0.634,0.526,0.0,0.257,-7.881,0.623,0.0333,90.087,4
310,7qeFZBtwxzb6quQsnsPpOJ,one dance (slowed + reverb) - Remix,one dance (slowed + reverb) [Remix],Muppet DJ,2022-12-27,273397,46,0.0209,0.527,0.609,0.0807,0.353,-9.866,0.0379,0.248,136.437,4
311,3M214U0mwSm041GsQR3nrO,Toxic,Serotonin Dreams,BoyWithUke,2022-05-06,168066,78,0.749,0.609,0.619,0.0,0.264,-5.677,0.689,0.311,179.71,4
312,47UFoOuvrkt4khE7c5aap6,Cradles,Cradles,Sub Urban,2019-01-04,209829,77,0.265,0.537,0.586,7.04e-05,0.175,-1.864,0.624,0.314,79.056,4
313,7BoobGhD4x5K96Me0hqC8Q,Build a Bitch,Build a Bitch,Bella Poarch,2021-05-14,122772,74,0.217,0.855,0.463,1.77e-05,0.347,-7.454,0.866,0.0367,102.931,4
314,2eAvDnpXP5W0cVtiI0PUxV,Dandelions,Safe Haven,Ruth B.,2017-05-05,233720,89,0.0157,0.609,0.692,0.0,0.0864,-2.958,0.454,0.0259,116.959,3
315,0y1QJc3SJVPKJ1OvFmFqe6,Way down We Go,A/B,KALEO,2016-06-10,213706,86,0.579,0.489,0.505,0.000333,0.104,-8.022,0.337,0.117,163.255,4
316,1Y3LN4zO1Edc2EluIoSPJN,Until I Found You (with Em Beihold) - Em Beihold Version,Until I Found You (Em Beihold Version),Stephen Sanchez,2022-04-22,176440,90,0.777,0.551,0.55,0.0,0.202,-5.339,0.342,0.0286,101.19,3
317,4w8niZpiMy6qz1mntFA5uM,"Taki Taki (with Selena Gomez, Ozuna & Cardi B)","Taki Taki (with Selena Gomez, Ozuna & Cardi B)",DJ Snake,2018-09-28,212500,76,0.157,0.842,0.801,4.82e-06,0.0642,-4.167,0.617,0.228,95.881,4
318,0b18g3G5spr4ZCkz7Y6Q0Q,Rasputin,Rasputin,Majestic,2021-02-26,186209,81,0.00364,0.758,0.913,6.92e-05,0.193,-2.926,0.658,0.113,128.04,4
319,7fZBQnc0zXwVybgCIrQQil,Belly Dancer,Belly Dancer,Imanbek,2022-02-18,151475,83,0.0582,0.845,0.797,5.57e-06,0.167,-4.984,0.422,0.139,121.985,4
320,1J14CdDAvBTE1AJYUOwl6C,Arcade,Small Town Boy (Track By Track),Duncan Laurence,2020-11-12,185146,78,0.827,0.453,0.35,0.00122,0.144,-11.639,0.279,0.0425,72.017,3
321,561jH07mF1jHuk7KlaeF0s,Mockingbird,Encore (Deluxe Version),Eminem,2004-11-12,250760,90,0.209,0.637,0.678,0.0,0.156,-3.798,0.254,0.266,84.039,4
322,16cJrPZsK40Ath0EnChE7E,Barbie Girl,Barbie Girl,Lady Aqua,2010-01-18,209893,55,0.0178,0.751,0.947,0.0184,0.372,-2.96,0.709,0.0597,129.959,4
323,2Cd9iWfcOpGDHLz6tVA3G4,Waka Waka (This Time for Africa) [The Official 2010 FIFA World Cup (TM) Song] (feat. Freshlyground),Waka Waka (This Time for Africa) [The Official 2010 FIFA World Cup (TM) Song] (feat. Freshlyground),Shakira,2010-05-07,202626,7,0.00627,0.766,0.873,0.0,0.0764,-6.381,0.743,0.143,126.988,4
324,4sCdH0ZaDJkvdOvpQSpJTz,Brazil (La La La La),Carnival in Brazil: 40 Latin Classics,Various Artists,2014-02-10,192400,49,0.0124,0.693,0.653,0.000652,0.103,-13.073,0.954,0.052,136.988,4
325,3HVePjHJWt5uI9HtHgV4aM,Tacata,Tacata,Tiagz,2023-08-11,114626,74,0.13,0.842,0.557,0.017,0.0712,-3.854,0.451,0.0533,133.958,4
326,5cjRF0yXxYvqzmJfUbq9AW,Sleepwalker - Slowed,Sleepwalker (Slowed),akiaura,2023-07-14,258008,75,0.0132,0.555,0.806,0.372,0.16,-5.589,0.103,0.0268,98.575,4
327,2qxmye6gAegTMjLKEBoR3d,Let Me Down Slowly,Narrated For You,Alec Benjamin,2018-11-16,169353,88,0.74,0.652,0.557,0.0,0.124,-5.714,0.483,0.0318,150.073,4
328,4Ee9bVWmt5UiwSAwf8y1We,Tokyo Drift - 8d Bassboosted Edition,"8D BASSBOOSTED COLLECTION, Vol. 1",PedroDJDaddy,2021-07-12,226272,46,0.00234,0.603,0.857,0.447,0.0682,-10.917,0.0394,0.0442,127.3,4
329,39BOpF8KvdMqUZlJyfnV34,TOMA TOMA TOMA,TOMA TOMA TOMA,$werve,2023-05-19,106285,70,0.422,0.863,0.949,0.054,0.0372,0.69,0.291,0.162,129.987,4
330,2uMOkz6fG4vvsD5Pf4GOwO,LOOK AT ME!,LOOK AT ME!,TOKYOSLEEP,2023-07-14,88888,58,0.0588,0.817,0.938,0.00941,0.0473,-0.782,0.389,0.293,134.994,4
331,3rUGC1vUpkDG9CZFHMur1t,greedy,greedy,Tate McRae,2023-09-15,131872,99,0.256,0.75,0.733,0.0,0.114,-3.18,0.844,0.0319,111.018,1
332,0Z7nGFVCLfixWctgePsRk9,TEXAS HOLD 'EM,TEXAS HOLD 'EM,Beyoncé,2024-02-11,235636,93,0.588,0.725,0.709,0.0,0.135,-6.514,0.353,0.072,110.024,4
333,17phhZDn6oGtzMe56NuWvj,Lose Control,I've Tried Everything But Therapy (Part 1),Teddy Swims,2023-09-15,210688,94,0.199,0.561,0.604,1.9e-05,0.104,-4.409,0.242,0.0337,159.92,3
334,2IGMVunIBsBLtEQyoI1Mu7,Paint The Town Red,Paint The Town Red,Doja Cat,2023-08-04,231750,92,0.269,0.868,0.538,3.34e-06,0.0901,-8.603,0.732,0.174,99.968,4
335,4xhsWYTOGcal8zt0J161CU,Lovin On Me,Lovin On Me,Jack Harlow,2023-11-10,138411,98,0.0026,0.943,0.558,2.19e-06,0.0937,-4.911,0.606,0.0568,104.983,4
336,0yLdNVWF3Srea0uzk55zFn,Flowers,Flowers,Miley Cyrus,2023-01-13,200454,31,0.0632,0.707,0.681,5.15e-06,0.0322,-4.325,0.646,0.0668,117.999,4
337,7CyPwkp0oE8Ro9Dd5CUDjW,"One Of The Girls (with JENNIE, Lily Rose Depp)",The Idol Episode 4 (Music from the HBO Original Series),The Weeknd,2023-06-23,244684,97,0.0545,0.522,0.641,0.0,0.162,-6.287,0.202,0.0318,87.51,4
338,7x9aauaA9cu6tyfpHnqDLo,Seven (feat. Latto),Seven (feat. Latto),Jung Kook,2023-07-14,184400,88,0.311,0.802,0.832,0.0,0.0815,-4.107,0.89,0.0434,124.997,4
339,3U5JVgI2x4rDyHGObzJfNf,Unwritten,Unwritten,Natasha Bedingfield,2004-08-30,259333,94,0.00584,0.706,0.8,0.0,0.0822,-6.333,0.629,0.0399,100.011,4
340,5mjYQaktjmjcMKcUIcqz4s,Strangers,Strangers,Kenya Grace,2023-09-01,172964,95,0.701,0.628,0.523,0.00274,0.219,-8.307,0.416,0.0946,169.982,4
341,0mflMxspEfB0VbI1kyLiAv,Stick Season,Stick Season,Noah Kahan,2022-10-14,182346,98,0.782,0.662,0.488,0.0,0.102,-6.894,0.817,0.0682,117.913,4
342,59NraMJsLaMCVtwXTSia8i,Prada,Prada,cassö,2023-08-11,132359,93,0.001,0.638,0.717,1.79e-06,0.113,-5.804,0.422,0.0375,141.904,4
343,52eIcoLUM25zbQupAZYoFh,redrum,american dream,21 Savage,2024-01-12,270697,97,0.00529,0.624,0.74,0.000224,0.5,-8.445,0.246,0.0481,172.089,4
344,0sPs2Nm4rPaM79v3IiG2iY,Dance With Me,Dance With Me,Besomorph,2023-10-20,142080,57,0.355,0.657,0.669,0.0,0.161,-6.18,0.278,0.0469,124.98,4
345,3vkCueOmm7xQDoJ17W1Pm3,My Love Mine All Mine,The Land Is Inhospitable and So Are We,Mitski,2023-09-15,137773,98,0.868,0.504,0.308,0.135,0.158,-14.958,0.121,0.0321,113.95,4
346,1Fav4xZn60uGM3XmiHJmvT,One Of Your Girls,Something To Give Each Other,Troye Sivan,2023-10-13,181481,75,0.0926,0.637,0.639,0.00503,0.223,-7.832,0.81,0.0542,92.987,4
347,1hFmDg5nxATVqQL1Viaed2,Lovin On Me,Lovin On Me,midnight Berlin,2024-02-09,137054,49,0.00423,0.725,0.879,0.00182,0.233,-4.847,0.426,0.152,145.985,4
348,1bjeWoagtHmUKputLVyDxQ,Saturn,Saturn,SZA,2024-02-22,186191,87,0.62,0.411,0.619,0.0,0.11,-6.834,0.337,0.0368,177.937,4
349,2dHHgzDwk4BJdRwy9uXhTO,Creepin' (with The Weeknd & 21 Savage),HEROES & VILLAINS,Metro Boomin,2022-12-02,221520,91,0.417,0.715,0.62,0.0,0.0822,-6.005,0.172,0.0484,97.95,4
350,51TYqTZ1eTZsHVcrt0mmqe,Cruel Summer,love 4.0,Various Artists,2024-02-09,238781,44,0.055,0.429,0.629,0.0,0.0701,-3.813,0.182,0.0438,160.03,3
351,4UkUxO2WlKLc0Q1iEutGGh,CONTIGO (with Tiësto),CONTIGO (with Tiësto),KAROL G,2024-02-15,192786,90,0.178,0.846,0.545,6.23e-06,0.0989,-7.826,0.268,0.0736,122.029,4
352,2KslE17cAJNHTsI2MI0jb2,Standing Next to You,GOLDEN,Jung Kook,2023-11-03,206019,95,0.0447,0.711,0.809,0.0,0.339,-4.389,0.816,0.0955,106.017,4
353,4OMJGnvZfDvsePyCwRGO7X,Houdini,Houdini,Dua Lipa,2023-11-09,185917,95,0.0036,0.744,0.789,0.00144,0.0947,-4.876,0.866,0.059,116.985,4
354,2EgFJVXw76TqnoSjwk7htO,Prada,Prada,midnight Berlin,2024-02-16,127272,46,0.0212,0.685,0.911,0.000452,0.119,-6.577,0.0638,0.095,131.977,4
355,3qhlB30KknSejmIvZZLjOD,End of Beginning,DECIDE,Djo,2022-09-16,159245,91,0.0351,0.689,0.454,0.00259,0.0707,-7.643,0.912,0.0584,159.982,4
356,3BKD1PwArikchz2Zrlp1qi,Baby Don't Hurt Me,Baby Don't Hurt Me,David Guetta,2023-04-06,140017,88,0.00126,0.602,0.91,0.000174,0.12,-3.404,0.228,0.0308,127.944,4
357,4noDzXvJRt48NKfxmkBBMt,Not Your Baby,Not Your Baby,Cadmium,2024-02-23,184000,41,0.288,0.469,0.758,0.0,0.138,-4.896,0.33,0.0645,150.234,4
358,1vYXt7VSjH9JIM5oRRo7vA,Dance The Night - From Barbie The Album,Dance The Night (From Barbie The Album),Dua Lipa,2023-05-25,176579,92,0.0207,0.671,0.845,0.0,0.329,-4.93,0.775,0.048,110.056,4
359,3k79jB4aGmMDUQzEwa46Rz,vampire,vampire,Olivia Rodrigo,2023-06-30,219724,37,0.169,0.511,0.532,0.0,0.311,-5.745,0.322,0.056,137.827,4
360,1VL6vvlSUBiL55yGLzzWBH,11:45,11:45,BRAN,2024-01-19,162429,52,0.928,0.483,0.359,1.06e-05,0.147,-10.357,0.395,0.0852,170.122,4
361,6uTPdRrEDeH8Fyg5L5qmeU,Never Lose Me,Never Lose Me,Flo Milli,2023-11-30,125901,93,0.0504,0.781,0.567,0.0,0.0981,-7.857,0.0743,0.0969,121.964,4
362,0HD8mbiPjp3o94X3EaZp0o,exes,exes,Tate McRae,2023-11-17,159400,74,0.152,0.838,0.569,0.000136,0.102,-6.324,0.551,0.0621,136.965,4
363,25C942IEyqXlm1sv2M8EGN,Slow Dance,Slow Dance,Meric,2024-01-19,241578,49,0.157,0.441,0.606,0.00191,0.0785,-6.152,0.0922,0.029,76.012,3
364,6ehWdR7cGDXnT7aKEASJxE,3D (feat. Jack Harlow),3D (feat. Jack Harlow),Jung Kook,2023-09-29,201812,85,0.0322,0.853,0.824,0.0,0.0859,-3.287,0.888,0.103,108.044,4
365,31MNHKE86sEXzIglbGQ6mu,Got Me Started,Something To Give Each Other,Troye Sivan,2023-10-13,198448,82,0.223,0.777,0.686,0.00148,0.318,-6.498,0.582,0.0308,127.002,4
366,4W4fNrZYkobj539TOWsLO2,Die For You (with Ariana Grande) - Remix,Starboy (Deluxe),The Weeknd,2023-03-14,232857,84,0.227,0.575,0.5,0.0,0.335,-7.594,0.506,0.0707,67.033,4
367,2GkFLKBarKpG7aoYHXg3Ue,Marry Me,Marry Me,GOVAN,2024-01-26,195173,51,0.344,0.797,0.52,2.02e-06,0.216,-7.134,0.647,0.0367,114.993,4
368,4tKGFmENO69tZR9ahgZu48,Murder On The Dancefloor,Read My Lips,Sophie Ellis-Bextor,2002-06-06,230013,94,0.00234,0.73,0.849,2.6e-05,0.312,-5.281,0.887,0.0299,117.31,4
369,7jrI96onnEzgwPKacNJUCz,Strangers,Broken By Desire To Be Heavenly Sent (Extended Edition),Lewis Capaldi,2024-01-01,214438,76,0.512,0.546,0.454,0.0,0.0745,-4.334,0.247,0.0477,114.489,4
370,0WIv5qV41y6YjjB9V1biuC,Made For Me,Made For Me,Muni Long,2023-09-15,188000,87,0.137,0.785,0.47,1.12e-06,0.131,-6.42,0.0569,0.0329,120.006,4
371,1ysRQsCuDdjQiuj2KBegca,One Of These Days,One Of These Days,BRAN,2023-11-10,118056,46,0.149,0.822,0.54,3.02e-05,0.0895,-11.707,0.163,0.115,126.08,4
372,4KULAymBBJcPRpk1yO4dOG,I Remember Everything (feat. Kacey Musgraves),Zach Bryan,Zach Bryan,2023-08-25,227195,94,0.554,0.429,0.453,2e-06,0.102,-7.746,0.155,0.0459,77.639,4
373,4rXLjWdF2ZZpXCVTfWcshS,fukumean,a Gift & a Curse,Gunna,2023-06-16,125040,92,0.119,0.847,0.622,0.0,0.285,-6.747,0.22,0.0903,130.001,4
374,7p6h6v4qbTIKq6iiuRcdgO,greedy,greedy,midnight Berlin,2023-12-29,110270,50,0.00642,0.647,0.88,0.0161,0.121,-6.12,0.358,0.134,148.081,4
375,2Zo1PcszsT9WQ0ANntJbID,Feather,emails i can’t send fwd:,Sabrina Carpenter,2023-03-17,185552,93,0.0893,0.787,0.686,0.0,0.0927,-4.37,0.836,0.0339,123.51,4
376,23RoR84KodL5HWvUTneQ1w,(It Goes Like) Nanana - Edit,(It Goes Like) Nanana [Edit],Peggy Gou,2023-06-15,231545,88,0.12,0.671,0.876,0.188,0.0823,-5.681,0.964,0.0352,129.998,4
377,1Iq8oo9XkmmvCQiGOfORiz,Is It Over Now? (Taylor's Version) (From The Vault),1989 (Taylor's Version),Taylor Swift,2023-10-26,229477,92,0.0504,0.596,0.658,0.0,0.127,-7.346,0.176,0.036,100.012,4
378,4PffmeCA1L7dF8FTVO1fXn,Reality,Reality,Meric,2023-11-10,181901,49,0.0681,0.698,0.83,0.0,0.294,-3.578,0.374,0.0773,141.999,4
379,2fB5YRuD88drKpCXQOAk03,Love On,Love On,Selena Gomez,2024-02-22,181650,82,0.183,0.756,0.529,2.32e-06,0.0791,-6.237,0.524,0.0368,115.987,4
380,5rurggqwwudn9clMdcchxT,"Calling (Spider-Man: Across the Spider-Verse) (Metro Boomin & Swae Lee, NAV, feat. A Boogie Wit da Hoodie)",METRO BOOMIN PRESENTS SPIDER-MAN: ACROSS THE SPIDER-VERSE (SOUNDTRACK FROM AND INSPIRED BY THE MOTION PICTURE),Metro Boomin,2023-06-02,219453,80,0.464,0.631,0.535,0.0,0.115,-7.836,0.22,0.0842,140.127,4
381,1odExI7RdWc4BT515LTAwj,Daylight,Daylight,David Kushner,2023-04-14,212953,94,0.83,0.508,0.43,0.000441,0.093,-9.475,0.324,0.0335,130.09,4
382,4ELeOhdznV5qAuzN2cLYki,Caught Up,Caught Up,GOVAN,2023-11-17,146400,51,0.256,0.828,0.436,0.0,0.0866,-7.93,0.748,0.0622,99.973,4
383,6wf7Yu7cxBSPrRlWeSeK0Q,"What Was I Made For? [From The Motion Picture ""Barbie""]","What Was I Made For? [From The Motion Picture ""Barbie""]",Billie Eilish,2023-07-13,222369,94,0.959,0.444,0.0911,1.05e-06,0.098,-17.665,0.142,0.0307,78.403,4
384,0UH4O4KBwExIriMzvBfPC9,Clandestina,Clandestina,Besomorph,2023-09-22,102000,19,0.686,0.757,0.794,0.00411,0.105,-9.797,0.25,0.613,159.993,4
385,7dJYggqjKo71KI9sLzqCs8,Agora Hills,Scarlet,Doja Cat,2023-09-22,265360,91,0.228,0.75,0.674,8.91e-05,0.122,-6.128,0.392,0.097,123.026,4
386,1ckhUtD8nBH2ShPlU8w2nU,ALL MY FELLAS,ALL MY FELLAS,Frizk,2023-09-19,141334,77,0.00624,0.602,0.676,0.826,0.0635,-11.385,0.716,0.0527,160.021,4
387,4ndTXhzw5vx2KXZXOHOe8S,therapy,therapy,Gloria Kim,2023-11-24,136804,51,0.00177,0.601,0.851,1.53e-05,0.102,-4.991,0.612,0.0593,154.974,4
388,6XaJfhwof7qIgbbXO5tIQI,Igual Que Un Ángel (with Peso Pluma),ORQUÍDEAS,Kali Uchis,2024-01-12,260370,95,0.00348,0.685,0.61,0.00054,0.183,-5.36,0.464,0.0343,107.999,4
389,0QosomGFiJYOxj2ViZfqng,Selfish,Selfish,Justin Timberlake,2024-01-25,229331,88,0.0723,0.69,0.543,0.0291,0.0873,-6.752,0.376,0.0364,88.004,4
390,6iIfv3VOMLsX9Y7edcf9ly,Love To Me,Love To Me,Meric,2023-10-20,162676,49,0.0353,0.707,0.687,0.000169,0.0721,-6.559,0.34,0.121,141.988,4
391,4wQmwPWCUn6gi11Gep2qsP,IT GIRL,IT GIRL,Aliyah's Interlude,2023-09-30,161760,77,0.00822,0.969,0.707,0.0,0.314,-5.509,0.421,0.258,124.991,4
392,2i8f4VnnBjy0yDqH2C452a,bad idea right?,bad idea right?,Olivia Rodrigo,2023-08-11,184783,32,0.00196,0.628,0.878,1.23e-05,0.0649,-3.468,0.796,0.0901,129.976,4
393,05EatbIhTjuB6QjSTputWB,Animals,Animals,Johnning,2023-12-15,182363,49,0.0218,0.55,0.74,1.17e-06,0.105,-6.169,0.488,0.047,155.854,4
394,48vIfHaK7by6x0T6ucpODL,Make You Mine,Make You Mine,Madison Beer,2024-02-09,221709,85,0.216,0.514,0.658,0.00586,0.206,-6.454,0.466,0.0414,123.171,4
395,4uUG5RXrOk84mYEfFvj3cK,I'm Good (Blue),I'm Good (Blue),David Guetta,2022-08-26,175238,92,0.00383,0.561,0.965,7.07e-06,0.371,-3.673,0.304,0.0343,128.04,4
396,7FbrGaHYVDmfr7KoLIZnQ7,Cupid - Twin Ver.,The Beginning: Cupid,FIFTY FIFTY,2023-02-24,174253,83,0.435,0.783,0.592,4.15e-06,0.347,-8.332,0.726,0.0331,120.018,4
397,5seOJJVjyWCIBkSEBJrIGX,just for now,just for now,Arya,2023-10-27,181224,48,0.0559,0.66,0.564,7.07e-06,0.392,-8.751,0.929,0.177,98.105,4
398,3xIMkM5LgbVDkpO74O3Np3,Rush,Rush,Troye Sivan,2023-07-13,156391,44,0.00306,0.742,0.839,4.2e-05,0.106,-7.614,0.346,0.0618,126.03,4
399,741UUVE2kuITl0c6zuqqbO,Barbie World (with Aqua) [From Barbie The Album],Barbie World (with Aqua) [From Barbie The Album],Nicki Minaj,2023-06-23,109750,84,0.519,0.77,0.58,0.000127,0.233,-8.393,0.753,0.247,144.072,4
400,3aCZ2vtwqEsUfj6W9TMWPs,Casa Techno,Casa Techno,Hypermorph,2024-01-04,113345,46,0.189,0.775,0.95,0.000294,0.266,-3.752,0.69,0.0908,142.036,4
401,1Qrg8KqiBpW07V7PNxwwwL,Kill Bill,SOS,SZA,2022-12-08,153946,91,0.0521,0.644,0.735,0.144,0.161,-5.747,0.418,0.0391,88.98,4
402,22dUzMFttcR3uU17NcOAIv,Desire (with Sam Smith),Desire (with Sam Smith),Calvin Harris,2023-07-28,179161,85,0.0311,0.587,0.924,0.0171,0.23,-5.433,0.509,0.0457,140.009,4
403,1BxfuPKGuaTgP7aM0Bbdwr,Cruel Summer,Lover,Taylor Swift,2019-08-23,178426,99,0.117,0.552,0.702,2.06e-05,0.105,-5.707,0.564,0.157,169.994,4
404,0Q7MbQjst29ZhyR3sDA2uq,Casablanca,Casablanca,Besomorph,2023-07-28,152727,51,0.538,0.703,0.753,0.0,0.147,-4.415,0.672,0.0393,110.019,4
405,26b3oVLrRUaaybJulow9kz,People,People,Libianca,2022-12-06,184791,85,0.551,0.573,0.422,1.31e-05,0.102,-7.621,0.693,0.0678,124.357,5
406,37CoOXIsgF3NzbK1zHZetk,Mona Lisa (Spider-Man: Across the Spider-Verse),Mona Lisa (Spider-Man: Across the Spider-Verse),Dominic Fike,2023-06-02,186066,73,0.231,0.759,0.646,0.0,0.161,-7.603,0.445,0.12,111.043,4
407,4spx1n1Aq3RwgUBRAATQYj,World On Fire,World On Fire,RIELL,2023-10-13,149313,43,0.087,0.67,0.714,0.0,0.187,-5.327,0.319,0.0899,125.013,4
408,78Sw5GDo6AlGwTwanjXbGh,Here With Me,Here With Me,d4vd,2022-09-22,242484,15,0.534,0.574,0.469,9.21e-05,0.128,-8.209,0.288,0.0254,132.023,4
409,3nqQXoyQOWXiESFLlDF1hG,Unholy (feat. Kim Petras),Unholy (feat. Kim Petras),Sam Smith,2022-09-22,156943,84,0.013,0.714,0.472,4.51e-06,0.266,-7.375,0.238,0.0864,131.121,4
410,7KA4W4McWYRpgf0fWsJZWB,See You Again (feat. Kali Uchis),Flower Boy,"Tyler, The Creator",2017-07-21,180386,92,0.371,0.558,0.559,7.49e-06,0.109,-9.222,0.62,0.0959,78.558,4
411,6chY21JxOFaa8aNn3zbYVn,Should Have Known,Should Have Known,Meric,2023-07-21,216666,0,0.189,0.667,0.838,1.96e-06,0.291,-5.138,0.0751,0.0638,144.029,4
412,6AQbmUe0Qwf5PZnt4HmTXv,Boy's a liar Pt. 2,Boy's a liar Pt. 2,PinkPantheress,2023-02-03,131013,83,0.252,0.696,0.809,0.000128,0.248,-8.254,0.857,0.05,132.962,4
413,4k6Uh1HXdhtusDW5y8Gbvy,Bad Habit,Gemini Rights,Steve Lacy,2022-07-15,232066,83,0.613,0.686,0.494,5.8e-05,0.402,-7.093,0.7,0.0355,168.946,4
414,2Zd38uTIQaI3LSuJhNtRA9,Strangers,Strangers,midnight Berlin,2023-11-24,140958,53,0.0393,0.641,0.845,0.00339,0.158,-5.668,0.537,0.0539,145.966,4
415,41WQUSINanQHfhfKpFDsms,Used To Be Young,Endless Summer Vacation,Miley Cyrus,2023-08-18,191185,83,0.6,0.451,0.632,0.0,0.139,-3.843,0.455,0.0475,147.06,4
416,7ro0hRteUMfnOioTFI5TG1,WHERE SHE GOES,WHERE SHE GOES,Bad Bunny,2023-05-18,231704,83,0.143,0.652,0.8,0.629,0.112,-4.019,0.234,0.0614,143.978,4
417,4PuyRfHs2CeC5O45QOOG1v,girls like me don't cry,girls like me don't cry,Cadmium,2023-09-01,184363,46,0.49,0.775,0.567,1.88e-06,0.217,-4.396,0.734,0.0349,109.959,4
418,1xzi1Jcr7mEi9K2RfzLOqS,CUFF IT,RENAISSANCE,Beyoncé,2022-07-29,225388,85,0.0368,0.78,0.689,9.69e-06,0.0698,-5.668,0.642,0.141,115.042,4
419,5Z2MiIZ5I3jJvvmeWMLbOQ,Escapism.,Escapism. / The Thrill Is Gone.,RAYE,2022-10-12,272373,10,0.138,0.538,0.742,4.67e-05,0.0934,-5.355,0.25,0.114,96.107,4
420,3QoVV5E1dfmvhP6Cfgx5xV,DUMB,DUMB,Hypermorph,2023-12-07,107612,45,0.129,0.771,0.886,0.0865,0.178,-4.671,0.374,0.252,154.987,4
421,39JofJHEtg8I4fSyo7Imft,B.O.T.A. (Baddest Of Them All) - Edit,B.O.T.A. (Baddest Of Them All),Eliza Rose,2022-08-12,226626,78,0.164,0.736,0.906,0.585,0.106,-7.589,0.698,0.048,137.001,4
422,2i2gDpKKWjvnRTOZRhaPh2,Moonlight,Moonlight,Kali Uchis,2023-02-24,187557,84,0.511,0.639,0.723,0.0,0.167,-6.462,0.878,0.0532,136.872,4
423,3KkXRkHbMCARz0aVfEt68P,Sunflower - Spider-Man: Into the Spider-Verse,Spider-Man: Into the Spider-Verse (Soundtrack From & Inspired by the Motion Picture),Various Artists,2018-12-14,158040,86,0.556,0.76,0.479,0.0,0.0703,-5.574,0.913,0.0466,89.911,4
424,5aAx2yezTd8zXrkmtKl66Z,Starboy,Starboy,The Weeknd,2016-11-25,230453,40,0.165,0.681,0.594,3.49e-06,0.134,-7.028,0.535,0.282,186.054,4
425,1xznGGDReH1oQq0xzbwXa3,One Dance,Views,Drake,2016-05-06,173986,40,0.00784,0.791,0.619,0.00423,0.351,-5.886,0.371,0.0532,103.989,4
426,5PjdY0CKGZdEuoNab3yDmX,STAY (with Justin Bieber),F*CK LOVE 3: OVER YOU,The Kid LAROI,2021-07-23,141805,41,0.0383,0.591,0.764,0.0,0.103,-5.484,0.478,0.0483,169.928,4
427,7wGoVu4Dady5GV0Sv4UIsx,rockstar,rockstar,Post Malone,2017-09-15,218320,40,0.13,0.577,0.522,9.03e-05,0.142,-6.594,0.119,0.0984,159.772,4
428,0CcQNd8CINkwQfe1RDtGV6,Believer,Evolve,Imagine Dragons,2017-06-23,204346,40,0.0524,0.779,0.787,0.0,0.14,-4.305,0.708,0.108,124.982,4
429,6CDzDgIUqeDY5g8ujExx2f,Heat Waves,Heat Waves,Glass Animals,2020-06-29,238805,40,0.44,0.761,0.525,6.7e-06,0.0921,-6.9,0.531,0.0944,80.87,4
430,3MgnAFIP8UJtazBs3LvDd7,Bed of Roses,Ana Left Spain +2,Blesson Roy,2021-09-24,169550,34,0.147,0.463,0.876,0.0771,0.378,-6.528,0.306,0.0405,82.946,4
431,4I7M8sEbqY1UPbrDtqTwwR,Testimony,Testimony,Cabela and Schmitt,2024-01-31,198709,49,0.0016,0.523,0.715,1.11e-06,0.0462,-4.814,0.686,0.109,161.851,4
432,0TK2YIli7K1leLovkQiNik,Señorita,Señorita,Shawn Mendes,2019-06-21,190960,80,0.037,0.759,0.54,0.0,0.0945,-6.039,0.75,0.0287,116.947,4
433,4hvh6DV5iPjER9uvlUqPlf,The Underdog,The Underdog,Different Moon,2024-02-02,220945,39,0.0127,0.574,0.685,0.0,0.0877,-4.96,0.322,0.0337,132.005,4
434,6T8cJz5lAqGer9GUHGyelE,God's Plan,Scary Hours,Drake,2018-01-20,198960,40,0.0283,0.755,0.448,3.28e-05,0.514,-9.587,0.318,0.107,77.179,4
435,3RWl1dP90FXmZDUeIAO20j,if u think i'm pretty,if u think i'm pretty,Artemas,2023-10-24,128205,45,0.484,0.532,0.609,0.0251,0.367,-5.75,0.398,0.0491,143.636,4
436,3MgDEWy7SXqSftFvovNOnv,Bam Bam (Ma Jolie),Bam Bam (Ma Jolie),King Serenity,2023-12-15,143400,59,0.223,0.675,0.728,0.000635,0.413,-7.338,0.613,0.0459,99.977,4
437,2EiGECydkS2M8OCcRHQZhT,Take Me To Church,Hozier (Special Edition),Hozier,2014-11-06,241688,40,0.588,0.456,0.67,0.0,0.116,-5.212,0.405,0.0574,128.632,4
438,6h7YxRDkRKH4ywEFQsqwDq,SUMMERTIME VIBE,Loading...,ZENG,2020-12-11,225472,44,0.245,0.504,0.631,0.0,0.112,-8.939,0.184,0.4,94.67,4
439,3hB5DgAiMAQ4DzYbsMq1IT,Love Yourself,Purpose (Deluxe),Justin Bieber,2015-11-13,233720,40,0.835,0.609,0.378,0.0,0.28,-9.828,0.515,0.438,100.418,4
440,5edBgVtRD0fvWk140Sl21T,Counting Stars,Native,OneRepublic,2013-01-01,257266,40,0.0603,0.662,0.71,0.0,0.119,-4.945,0.465,0.0364,121.979,4
441,3O9BABRNcGdotELKd5Mh4S,I Just Can't Love You,I Just Can't Love You,Chris App,2024-02-16,157624,37,0.253,0.537,0.657,0.0943,0.175,-6.175,0.57,0.0747,214.017,4
442,0tKcYR2II1VCQWT79i5NrW,Thunder,Evolve,Imagine Dragons,2017-06-23,187146,40,0.00683,0.6,0.81,0.21,0.155,-4.749,0.298,0.0479,167.88,4
443,4y651TEIpNCAXywxHf2ysR,Love You True - SMG,Love You True - SMG,Cabela and Schmitt,2023-07-24,242169,47,0.124,0.723,0.598,2.43e-06,0.0987,-9.317,0.59,0.0262,103.998,4
444,3JvKfv6T31zO0ini8iNItO,Another Love,Long Way Down (Deluxe),Tom Odell,2013-06-24,244360,92,0.695,0.445,0.537,1.65e-05,0.0944,-8.532,0.131,0.04,122.769,4
445,6g1NlCpW7fgqDnWbCCDrHl,Wake Me Up - Radio Edit,True,Avicii,2013-01-01,247426,40,0.0038,0.532,0.783,0.0012,0.161,-5.697,0.643,0.0523,124.08,4
446,25khomWgBVamSdKw7hzm3l,The Hills,Beauty Behind The Madness,The Weeknd,2015-08-28,242253,40,0.0861,0.356,0.567,0.0,0.137,-7.011,0.109,0.0798,135.553,5
447,3cLs3m0rKdVMbSpvptvgkf,JAMEY,JAMEY,Call Me Cannon,2024-02-14,312680,37,0.000337,0.636,0.689,0.255,0.119,-6.504,0.42,0.025,96.024,4
448,0JvPvx2NQ7apUsxymnnDkr,feel it,feel it,Kaitlyn Furey,2024-01-19,187128,39,0.00455,0.541,0.631,0.00157,0.633,-6.4,0.601,0.0299,172.141,4
449,2Oehrcv4Kov0SuIgWyQY9e,Demons,Night Visions (Deluxe),Imagine Dragons,2012-09-04,175200,40,0.202,0.327,0.71,9e-05,0.28,-2.928,0.416,0.0547,179.561,4
450,7ujx3NYtwO2LkmKGz59mXp,HUMBLE.,DAMN.,Kendrick Lamar,2017-04-14,177000,40,0.000243,0.906,0.625,3.23e-05,0.0975,-6.779,0.423,0.0903,150.018,4
451,68Dni7IE4VyPkTOH9mRWHr,No Role Modelz,2014 Forest Hills Drive,J. Cole,2014-12-09,292799,91,0.324,0.69,0.521,0.0,0.0534,-8.492,0.494,0.339,100.028,4
452,088TE5gjPG9ptXDghrE4gM,She's Not,She's Not,The Sand Dolls,2024-01-26,184141,37,1.04e-05,0.413,0.881,0.00745,0.388,-6.599,0.395,0.0557,163.072,4
453,2Ch7LmS7r2Gy2kc64wv3Bz,Die For You,Starboy,The Weeknd,2016-11-25,260252,85,0.111,0.582,0.525,0.0,0.134,-7.163,0.51,0.0627,133.249,4
454,7MJQ9Nfxzh8LPZ9e9u68Fq,Lose Yourself,SHADYXV,Various Artists,2014-11-24,320626,76,0.00922,0.689,0.735,0.00072,0.365,-4.545,0.059,0.267,171.403,4
455,5wANPM4fQCJwkGd4rN57mH,drivers license,SOUR,Olivia Rodrigo,2021-05-21,242013,89,0.768,0.561,0.431,1.42e-05,0.106,-8.81,0.137,0.0578,143.875,4
456,48DKpTEVJ2pAjxQbWTad3q,Treat You Better,Illuminate (Deluxe),Shawn Mendes,2017-04-20,187973,59,0.106,0.444,0.819,0.0,0.107,-4.078,0.747,0.341,82.695,4
457,5rF6YUIlgiat22OT1lWspJ,Seventeen Going Under,Seventeen Going Under (Deluxe),Sam Fender,2021-10-08,297933,73,0.00438,0.48,0.87,0.00603,0.0826,-4.792,0.584,0.0362,161.953,4
458,2whoe0pPKh4JRn6eWSIqTV,Stay With Me,In The Lonely Hour,Sam Smith,2014-01-01,172723,40,0.55,0.414,0.419,0.000195,0.11,-6.431,0.18,0.0388,84.082,4
459,463CkQjx2Zk1yXoBuierM9,Levitating (feat. DaBaby),Levitating (feat. DaBaby),Dua Lipa,2020-10-01,203064,73,0.00883,0.702,0.825,0.0,0.0674,-3.787,0.915,0.0601,102.977,4
460,6Zc5f20q7sOe1IC1c1jQvZ,Without Me (with Juice WRLD),Without Me (with Juice WRLD),Halsey,2019-01-09,228816,65,0.355,0.744,0.514,0.0,0.184,-6.103,0.449,0.0746,136.013,4
461,4WjH9Bzt3kx7z8kl0awxh4,Lean On (feat. MØ & DJ Snake),Peace Is The Mission,Major Lazer,2015-05-29,176561,40,0.00346,0.723,0.809,0.00123,0.565,-3.081,0.274,0.0625,98.007,4
462,0B7wvvmu9EISAwZnOpjhNI,When I Was Your Man,Unorthodox Jukebox,Bruno Mars,2012-12-05,213826,56,0.937,0.601,0.271,0.0,0.144,-8.688,0.411,0.0403,145.494,4
463,5Z9KJZvQzH6PFmb8SNkxuk,INDUSTRY BABY (feat. Jack Harlow),MONTERO,Lil Nas X,2021-09-17,212352,78,0.0221,0.741,0.691,0.0,0.0476,-7.395,0.892,0.0672,150.087,4
464,1mea3bSkSGXuIRvnydlB5b,Viva La Vida,Viva La Vida or Death and All His Friends,Coldplay,2008-05-26,242373,90,0.0954,0.486,0.617,3.23e-06,0.109,-7.115,0.417,0.0287,138.015,4
465,74g7EVHiERdKS15Y05diq7,Mentally Cheating,Where Am I?,Natalie Jane,2023-11-17,180120,58,0.222,0.627,0.421,0.0,0.194,-8.051,0.279,0.0801,78.439,4
466,7BzNT7knTluY0XGlpG5bxe,Congratulations,Stoney (Deluxe),Post Malone,2016-12-09,220293,40,0.182,0.624,0.806,0.0,0.299,-4.271,0.513,0.0364,123.117,4
467,4CeeEOM32jQcH3eN9Q2dGj,Smells Like Teen Spirit,Nevermind (Remastered),Nirvana,1991-09-26,301920,85,2.55e-05,0.502,0.912,0.000173,0.106,-4.556,0.72,0.0564,116.761,4
468,3ft7bvvaCO38yrs1seJhYY,Motive (feat. NO1-NOAH),Motive (feat. NO1-NOAH),Jt5k,2024-02-02,150882,49,0.137,0.804,0.431,1.46e-06,0.148,-7.809,0.582,0.0643,135.989,4
469,5XeFesFbtLpXzIVDNQP22n,I Wanna Be Yours,AM,Arctic Monkeys,2013-09-09,183956,96,0.136,0.464,0.417,0.022,0.0974,-9.345,0.479,0.0256,67.528,4
470,6wBvJG5DXvyiu0XZUahMFa,Night Out,Night Out,Tyler Parker,2024-02-16,178250,27,0.14,0.767,0.578,0.0,0.269,-8.383,0.555,0.137,161.563,4
471,7ygpwy2qP3NbrxVkHvUhXY,Wonderwall - Remastered,(What's The Story) Morning Glory? (Deluxe Remastered Edition),Oasis,1995,258773,80,0.000509,0.375,0.893,0.0,0.187,-4.097,0.434,0.0406,174.323,4
472,0ndXb2CwhrqtyHK6o6eVNd,Murder On The Dancefloor,Read My Lips,Sophie Ellis-Bextor,2002-01-01,230013,56,0.00312,0.734,0.848,1.16e-05,0.313,-5.285,0.863,0.0309,117.31,4
473,456WNXWhDwYOSf5SpTuqxd,Dog Days Are Over,Lungs (Deluxe Version),Florence + The Machine,2009,252818,84,0.0338,0.501,0.809,0.00602,0.119,-5.264,0.258,0.0938,149.964,4
474,2aI21FnmY7TJVKeMaoQZ0t,Say It Right,Loose,Nelly Furtado,2006-01-01,223080,84,0.0476,0.872,0.872,0.00112,0.0543,-6.328,0.809,0.139,116.948,4
475,3CNqo3gYrfexdrtjFmC9he,Where Is The Love?,Elephunk,Black Eyed Peas,2003,272533,1,0.11,0.834,0.696,0.0,0.13,-3.224,0.804,0.197,94.09,4
476,5r5cp9IpziiIsR6b93vcnQ,Walking On A Dream,Walking On A Dream (10th Anniversary Edition),Empire Of The Sun,2008-10-03,198440,82,0.257,0.871,0.701,7.52e-06,0.0589,-5.594,0.716,0.0458,126.975,4
477,6brl7bwOHmGFkNw3MBqssT,So Sick,In My Own Words,Ne-Yo,2006-01-01,207186,83,0.246,0.452,0.574,0.0,0.189,-8.336,0.58,0.31,92.791,4
478,244AvzGQ4Ksa5637JQu5Gy,You've Got The Love,Lungs (Deluxe Version),Florence + The Machine,2009,168666,80,0.00481,0.574,0.694,0.0,0.102,-4.697,0.401,0.0327,109.85,4
479,1dzQoRqT5ucxXVaAhTcT0J,Just Dance,The Fame,Lady Gaga,2008-01-01,241933,83,0.0264,0.822,0.739,4.26e-05,0.181,-4.541,0.745,0.0311,118.992,4
480,5eGIPZ3Fp5SwArVYWWnVaB,Can't Help,Can't Help,AVAN HAVEN,2023-12-01,138591,22,0.612,0.796,0.661,2.71e-06,0.114,-4.592,0.593,0.0381,141.981,4
481,0W4NhJhcqKCqEP2GIpDCDq,Love,The Way It Is,Keyshia Cole,2005-01-01,255333,87,0.064,0.688,0.519,0.0,0.1,-4.285,0.318,0.0283,116.714,4
482,4dyx5SzxPPaD8xQIid5Wjj,Young Folks,Writer's Block,Peter Bjorn and John,2006-01-01,276693,80,0.0164,0.699,0.812,0.000763,0.105,-6.005,0.662,0.0377,138.185,4
483,0dNPpDFdvzj6XFIRzg2hmp,Bananza (Belly Dancer),Trouble,Akon,2004-01-01,238493,0,0.0345,0.878,0.699,3.37e-06,0.755,-5.897,0.666,0.132,104.838,4
484,3aw9iWUQ3VrPQltgwvN9Xu,Family Affair,No More Drama,Mary J. Blige,2001-08-28,265866,82,0.132,0.911,0.551,4.12e-05,0.0863,-3.75,0.969,0.0449,92.887,4
485,70ludZZEUJy1aFVkPI0Kpi,Drop It Like It's Hot,R&G (Rhythm & Gangsta): The Masterpiece,Snoop Dogg,2004-01-01,266066,1,0.169,0.892,0.628,0.0,0.102,-3.832,0.676,0.216,92.063,4
486,0eGsygTp906u18L0Oimnem,Mr. Brightside,Hot Fuss,The Killers,2004-06-15,222075,0,0.00113,0.351,0.928,0.0,0.0988,-3.71,0.239,0.0759,148.03,4
487,2gam98EZKrF9XuOkU13ApN,Promiscuous,Loose,Nelly Furtado,2006-01-01,242293,87,0.0569,0.808,0.97,6.13e-05,0.154,-6.098,0.868,0.0506,114.328,4
488,5kOXAhj7mQfAy8W1yg3cTO,What Everyone Says,What Everyone Says,AVAN HAVEN,2022-03-25,110807,21,0.257,0.592,0.604,0.0,0.125,-6.601,0.258,0.0244,95.37,4
489,4hrae8atte6cRlSC9a7VCO,Always On Time,Pain Is Love,Ja Rule,2001-01-01,245133,4,0.208,0.839,0.706,0.0,0.242,-6.104,0.839,0.199,96.673,4
490,6CFPFnS9EcLs2I0nWqtWci,Because Of You,Because Of You,Ne-Yo,2007-01-01,266840,79,0.528,0.81,0.538,0.0,0.0951,-5.784,0.828,0.0356,109.97,4
491,2CEgGE6aESpnmtfiZwYlbV,Dynamite,The Rokstarr Hits Collection,Taio Cruz,2010-01-01,202613,79,0.00379,0.751,0.783,0.0,0.036,-3.724,0.816,0.0859,119.975,4
492,4llK75pXNWZz6KAho2Gp16,She Will Be Loved - Radio Mix,Songs About Jane: 10th Anniversary Edition,Maroon 5,2002,259453,85,0.228,0.651,0.663,0.0,0.0994,-5.569,0.465,0.0281,102.0,4
493,4NOZ35Dhucr6UlVyLOtktd,Dangerous,Not 4 Sale,Kardinal Offishall,2008-01-01,246053,77,0.00437,0.949,0.79,0.0,0.0816,-5.957,0.807,0.0756,117.002,4
494,07K4GcCDSTiXUF5ssyTRUM,The Sweet Escape,The Sweet Escape,Gwen Stefani,2006-01-01,246466,74,0.191,0.756,0.77,0.0,0.178,-3.502,0.73,0.0343,119.961,4
495,5i66xrvSh1MjjyDd6zcwgj,Umbrella,Good Girl Gone Bad: Reloaded,Rihanna,2007-03-31,275986,70,0.0101,0.581,0.827,0.0,0.0522,-4.566,0.549,0.141,174.013,4
496,3PVpb4ROt4g73dSl2wLPYG,Far Away,Far Away,AVAN HAVEN,2023-09-29,137142,18,0.357,0.936,0.294,0.000617,0.104,-13.242,0.529,0.0846,126.027,4
497,3E7dfMvvCLUddWissuqMwr,Party In The U.S.A.,The Time Of Our Lives (International Version),Miley Cyrus,2009-01-01,202066,85,0.00112,0.652,0.698,0.000115,0.0886,-4.667,0.47,0.042,96.021,4
498,3yfqSUWxFvZELEM4PmlwIR,The Real Slim Shady,The Marshall Mathers LP,Eminem,2000-05-23,284200,90,0.0302,0.949,0.661,0.0,0.0454,-4.244,0.76,0.0572,104.504,4
499,2igwFfvr1OAGX9SKDCPBwO,Empire State Of Mind,The Blueprint 3,JAY-Z,2009-09-08,276920,86,0.0295,0.491,0.956,0.0,0.46,-1.538,0.811,0.392,173.585,4
500,005lwxGU1tms6HGELIcUv9,I Kissed A Girl,One Of The Boys,Katy Perry,2008-06-17,179640,74,0.00223,0.699,0.76,0.0,0.132,-3.173,0.696,0.0677,129.996,4
501,4nthV2eZAXnt4yiJMocLkG,Dilemma,Nellyville (Explicit Version),Nelly,2002-06-25,289173,0,0.18,0.73,0.552,6.14e-05,0.224,-8.177,0.613,0.146,168.091,4
502,1Bt6TZfF8FSqdiHPN0vy4u,It Wasn't Me,Hot Shot,Shaggy,2000-08-08,227600,0,0.045,0.852,0.616,0.0,0.321,-4.728,0.685,0.0747,94.758,4
503,5Nu1cp2yi4TlZF4KTmElFD,Fergalicious,The Dutchess,Fergie,2006-09-13,292373,62,0.0576,0.906,0.584,0.0,0.128,-7.72,0.831,0.316,129.055,4
504,4w1lzcaoZ1IC2K5TwjalRP,A Thousand Miles,Be Not Nobody,Vanessa Carlton,2002-04-30,237493,81,0.323,0.56,0.825,0.0,0.161,-3.862,0.268,0.0379,94.931,4
505,6YvqWjhGD8mB5QXcbcUKtx,Love Story (Taylor’s Version),Fearless (Taylor's Version),Taylor Swift,2021-04-09,235766,82,0.13,0.627,0.792,3.97e-06,0.0845,-4.311,0.415,0.031,119.054,4
506,5brLaE0eSuYjGWVvS2AfCd,Losin' Sleep,Losin' Sleep,AVAN HAVEN,2022-07-04,133090,16,0.117,0.716,0.597,1.49e-05,0.326,-7.632,0.582,0.0329,140.062,4
507,6zMUIb4uce1CzpbjR3vMdN,Foolish,Ashanti,Ashanti,2002-01-01,227386,78,0.347,0.665,0.695,0.0,0.106,-5.763,0.707,0.0532,90.119,4
508,2nGFzvICaeEWjIrBrL2RAx,Put Your Records On,Corinne Bailey Rae,Corinne Bailey Rae,2006-01-01,215360,83,0.167,0.739,0.511,1.34e-06,0.133,-7.844,0.542,0.0362,96.038,4
509,7BHPGtpuuWWsvE7cCaMuEU,Naive,Inside In / Inside Out,The Kooks,2006-01-01,203506,80,0.0759,0.391,0.808,0.0,0.149,-6.209,0.737,0.0892,100.304,4
510,428lSKYV9R5f5d4XGOeniY,Apologize,Dreaming Out Loud (Deluxe),OneRepublic,2007-11-20,208106,55,0.363,0.593,0.74,2.22e-05,0.102,-6.12,0.502,0.0339,118.008,4
511,4RCWB3V8V0dignt99LZ8vH,Hey There Delilah,All That We Needed,Plain White T's,2005-01-01,232533,82,0.872,0.656,0.291,0.0,0.114,-10.572,0.298,0.0293,103.971,4
512,0Xxww5aUyamJlEm8GkP21i,Scar,The Sound Of White,Missy Higgins,2004-01-01,213733,59,0.378,0.653,0.789,0.0,0.276,-5.669,0.834,0.0522,91.787,4
513,1lkvpmrCaXK8QtliFDcHBO,Bubbly,Coco,Colbie Caillat,2007-01-01,196226,77,0.594,0.688,0.477,0.0,0.115,-6.684,0.257,0.036,127.866,4
514,11bD1JtSjlIgKgZG2134DZ,Chasing Cars,Eyes Open,Snow Patrol,2006-01-01,267933,4,0.209,0.563,0.592,5.08e-05,0.132,-4.571,0.136,0.0276,104.016,4
515,27L8sESb3KR79asDUBu8nW,Stacy's Mom,Welcome Interstate Managers,Fountains Of Wayne,2003-01-01,197986,77,0.00207,0.774,0.75,1.78e-05,0.0808,-4.927,0.927,0.0412,118.015,4
516,44j5DRoVelcWEFFISLkl6R,Gimme Gimme Love,Gimme Gimme Love,AVAN HAVEN,2022-11-03,138305,16,0.0889,0.805,0.553,0.0365,0.0897,-8.924,0.608,0.106,118.066,4
517,3kMrazSvILsgcwtidZd1Qd,Bulletproof,La Roux,La Roux,2009,205733,75,0.000441,0.674,0.882,6.47e-05,0.068,-2.771,0.682,0.0477,123.016,4
518,2SDx0PooHZI1SQKR0y44bs,Grace Kelly,Life In Cartoon Motion,MIKA,2006-01-01,187733,75,0.0242,0.675,0.828,0.0102,0.364,-5.799,0.669,0.0454,122.229,4
519,1AdYZ6X00nXmO613Y7GJOl,I Miss You,blink-182,blink-182,2003-11-01,227250,72,0.00113,0.423,0.714,6.28e-06,0.0855,-8.295,0.593,0.045,110.017,4
520,4bJygwUKrRgq1stlNXcgMg,All The Things She Said,200 KM/H In The Wrong Lane (10th Anniversary Edition),t.A.T.u.,2002,214440,79,0.0411,0.603,0.834,0.00609,0.105,-5.766,0.376,0.0417,89.957,4
521,5rii6DGlyc2peUQy2G0zzr,All Night,All Night,AVAN HAVEN,2022-06-03,143496,15,0.197,0.591,0.46,0.000352,0.356,-11.068,0.668,0.038,142.931,4
522,1oagRT7LfpVlNJN6FSZDGp,"This Ain't A Scene, It's An Arms Race",Infinity On High,Fall Out Boy,2007-01-01,212040,73,0.000747,0.435,0.887,0.0,0.0327,-4.07,0.408,0.0636,199.935,4
523,2iXdwVdzA0KrI2Q0iZNJbX,Better Together,In Between Dreams,Jack Johnson,2005-01-01,207680,78,0.298,0.871,0.346,9.24e-06,0.108,-9.481,0.659,0.0522,110.054,4
524,1L5tZi0izXsi5Kk5OJf4W0,Rehab,Back To Black,Amy Winehouse,2006-10-27,213760,67,0.0473,0.434,0.872,1.83e-06,0.396,-2.974,0.732,0.0702,71.515,4
525,5D2mYZuzcgjpchVY1pmTPh,Candy Shop,The Massacre,50 Cent,2005-03-03,209106,84,0.0253,0.614,0.574,3.2e-05,0.38,-7.961,0.755,0.466,125.173,5
526,2yoCk1xYdULGPV1143r7CB,Joker And The Thief,Wolfmother,Wolfmother,2006-01-01,280466,61,0.0452,0.264,0.78,0.0222,0.376,-2.741,0.456,0.0517,155.376,4
527,3DamFFqW32WihKkTVlwTYQ,Fireflies,Ocean Eyes,Owl City,2009-01-01,228346,81,0.0275,0.512,0.662,0.0,0.118,-6.797,0.472,0.0439,180.114,4
528,16MJqq0vEuW6GRX6faetTm,Whole Again,Right Now,Atomic Kitten,2001-10-23,185013,68,0.0844,0.747,0.706,0.00355,0.174,-4.653,0.567,0.0413,94.019,4
529,2dxjKgT0li4qBI3QwuN9Ih,Touch The Sky,Late Registration,Kanye West,2005-08-30,236600,77,0.0114,0.552,0.846,0.0,0.309,-4.912,0.554,0.342,98.56,1
530,5OQGeJ1ceykovrykZsGhqL,Breathless,In Blue,The Corrs,2000-07-17,207506,73,0.0541,0.607,0.82,6.8e-05,0.269,-7.754,0.768,0.0597,126.988,4
531,7rwIIppsOOhoAi9RSak73J,Up On The Moon,Up On The Moon,AVAN HAVEN,2022-03-10,140571,14,0.358,0.569,0.742,3.51e-05,0.148,-6.476,0.37,0.0313,140.035,4
532,3qKGvSu1inEZKwYQnMavNA,Smack That,Konvicted,Akon,2006,212360,1,0.317,0.94,0.743,0.0,0.0909,-5.166,0.932,0.0475,118.988,4
533,0BxfFnk0YzONqvmrkO0QrB,Don't Cha,PCD,The Pussycat Dolls,2005-01-01,272080,76,0.00542,0.875,0.631,2.54e-06,0.127,-3.475,0.549,0.099,120.003,4
534,66TRwr5uJwPt15mfFkzhbi,Crank That (Soulja Boy),souljaboytellem.com,Soulja Boy,2007-01-01,221933,79,0.515,0.736,0.74,0.0,0.0468,-2.18,0.803,0.0786,140.141,4
535,3RmKpob8xzv1pzHEQrMJah,Let Me Blow Ya Mind,Scorpion,Eve,2001-01-01,230133,79,0.242,0.908,0.557,0.0,0.0709,-4.243,0.897,0.107,90.032,4
536,6jWLyg8AuMQ9LtIB2UlfOF,Hanging By A Moment,No Name Face,Lifehouse,2000-01-01,216360,67,0.000966,0.537,0.858,0.0,0.0812,-4.903,0.502,0.0349,124.599,4
537,4vp2J1l5RD4gMZwGFLfRAu,I Gotta Feeling,THE E.N.D. (THE ENERGY NEVER DIES),Black Eyed Peas,2009-01-01,289133,3,0.0873,0.743,0.766,0.0,0.509,-6.375,0.61,0.0265,127.96,4
538,6epn3r7S14KUqlReYr77hA,Baby,My World 2.0,Justin Bieber,2010-01-01,214240,86,0.0401,0.728,0.859,0.0,0.111,-5.237,0.535,0.137,65.043,4
539,0bSxKARnwaB26e0926YpgD,Lust,Lust,AVAN HAVEN,2022-08-19,124551,14,0.416,0.746,0.62,0.0,0.12,-9.009,0.936,0.0363,144.894,4
540,69xZrRwScYMhlCMcxrF958,Luxurious,Love Angel Music Baby,Gwen Stefani,2004-11-22,264920,66,0.154,0.811,0.726,0.0,0.116,-3.995,0.666,0.0813,131.027,4
541,5zF2zGPkL6Ipsn9AfAK6RP,This Love,Songs About Jane,Maroon 5,2002-06-25,206200,0,0.0551,0.714,0.868,0.0,0.0987,-4.596,0.78,0.0363,95.05,4
542,4TsmezEQVSZNNPv5RJ65Ov,Pon de Replay,Music Of The Sun,Rihanna,2005-08-29,246960,83,0.000155,0.779,0.64,0.00077,0.101,-8.415,0.498,0.159,99.019,4
543,7LP4Es66zdY7CyjepqmvAg,Down,All Or Nothing,Jay Sean,2009-01-01,212106,1,0.0108,0.657,0.695,0.0,0.0822,-4.493,0.683,0.0321,65.997,4
544,455AfCsOhhLPRc68sE01D8,Last Friday Night (T.G.I.F.),Teenage Dream: The Complete Confection,Katy Perry,2012-03-12,230746,76,0.00125,0.649,0.815,4.31e-05,0.671,-3.796,0.765,0.0415,126.03,4
545,4KTtYhxFtFL7mBwnjkKfLm,Glamorous,The Dutchess,Fergie,2006-09-13,246573,74,0.291,0.81,0.755,0.0,0.0857,-6.408,0.625,0.199,130.991,4
546,73uiwqLq6aYaZIBm7d5nmS,Little More,Little More,AVAN HAVEN,2022-09-30,112941,13,0.306,0.574,0.418,0.0,0.0542,-13.19,0.773,0.0384,169.829,4
547,13pyGLYmBjYgvOMIEivX2K,I Don't Feel Like Dancin',Ta Dah,Scissor Sisters,2006-01-01,288360,61,0.018,0.71,0.917,0.0,0.335,-3.385,0.83,0.0287,108.031,4
548,1PS1QMdUqOal0ai3Gt7sDQ,Gold Digger,Late Registration,Kanye West,2005-08-30,207626,85,0.0195,0.629,0.696,0.0,0.0554,-5.572,0.623,0.348,93.034,4
549,1PAgmT6YqGhd6zT9kN9gIo,Hero,Escape,Enrique Iglesias,2001-01-01,264240,72,0.136,0.346,0.641,8.4e-06,0.108,-5.627,0.159,0.0504,77.281,4
550,0gzqZ9d1jIKo9psEIthwXe,Beautiful Day,All That You Can't Leave Behind,U2,2000-01-01,248400,78,0.0154,0.536,0.928,0.00134,0.2,-6.492,0.389,0.0589,136.258,4
551,2P9lGiFMjKT6CGKVAjWia4,The Right Thing,The Right Thing,AVAN HAVEN,2022-06-27,127090,13,0.508,0.78,0.525,0.0,0.176,-8.358,0.563,0.0334,139.971,4
552,0eqH0ALoDQevq59YcQ53KE,Hollaback Girl,Love Angel Music Baby,Gwen Stefani,2004-11-22,199853,75,0.35,0.926,0.916,6.17e-06,0.0234,-2.221,0.904,0.0929,110.007,4
